origin_air_month,dep_delay_x,dep_delay_y
101351,5.887840577551898,-9.0
1013510,12.996794476587935,0.75
1013511,15.524174696260024,-1.0
1013512,1.4142135623730951,1.0
101352,6.191391873668904,-1.5
101354,3.5355339059327378,0.5
101355,4.43846820423443,-8.2
101356,,-2.0
101357,4.509249752822894,-7.333333333333333
101358,6.2182527020592095,-6.0
101359,9.192388155425117,-2.5
1013610,4.932882862316247,-6.666666666666667
1013611,,-6.0
101362,7.0710678118654755,-8.0
101363,,-3.0
101364,3.5355339059327378,-3.5
101366,4.949747468305833,-6.5
101367,0.0,-7.0
101369,,0.0
101401,7.4053552051394345,-3.625
1014010,10.201604151932543,3.4545454545454546
1014011,17.816658871217502,4.9
1014012,14.741919000733107,2.357142857142857
101402,26.314339141320733,10.222222222222221
101403,15.753771570050098,0.7857142857142857
101404,8.91268183185608,0.5384615384615384
101405,13.756816492197604,6.0
101406,14.212670403551895,1.0
101407,3.250174820472949,-4.181818181818182
101408,8.493509632793323,-2.5294117647058822
101409,16.6540103460416,1.5833333333333333
1014111,,-10.0
101413,0.7071067811865476,-7.5
101417,,18.0
101418,8.48528137423857,-7.0
1014611,,-6.0
1014612,,-13.0
101466,,-5.0
101468,,-6.0
101546,,-6.0
101548,,-5.0
101549,4.358898943540674,-6.0
1015511,,-7.0
1015512,,-5.0
101553,,-1.0
101555,,16.0
101556,7.0710678118654755,-7.0
101557,,-11.0
101558,,-6.0
1015710,0.7071067811865476,-5.5
1015711,,-10.0
1015712,,41.0
101573,11.313708498984761,-2.0
101574,,-16.0
101576,,34.0
101577,7.0,-1.0
101578,7.54983443527075,-12.0
101581,4.242640687119285,-8.0
1015811,3.5355339059327378,-8.5
101582,,-15.0
101583,10.016652800877813,-2.3333333333333335
101584,,-4.0
101585,9.192388155425117,4.5
101586,0.7071067811865476,-2.5
101587,,-5.0
101589,7.7781745930520225,-3.5
101701,,-11.0
1017011,,25.0
1017012,,-16.0
101709,0.7071067811865476,-1.5
101851,3.1622776601683795,-6.0
1018510,,-1.0
1018512,8.48528137423857,2.0
101852,,-6.0
101853,16.97056274847714,4.0
101854,2.8284271247461903,-8.0
101855,4.949747468305833,0.5
101857,0.7071067811865476,-7.5
101858,0.0,-9.0
101859,2.0816659994661326,-11.333333333333334
102081,6.363961030678928,-3.5
1020810,,13.0
1020811,2.1213203435596424,-8.5
1020812,16.741202380440214,8.625
102082,4.112987559751022,-3.25
102084,4.242640687119285,13.0
102085,0.0,-2.0
102086,3.8622100754188224,-2.75
102087,3.5355339059327378,-2.5
102088,5.259911279353167,-10.5
102089,,-2.0
102571,9.519403742832194,2.4285714285714284
1025710,5.650537269018887,-5.75
1025711,7.626707459098367,-8.166666666666666
1025712,7.694153624668538,0.0
102572,11.789068786682979,-0.125
102573,3.73571352696584,-2.2
102574,11.285438011486798,-0.8888888888888888
102575,3.696845502136472,-8.5
102576,24.63120842694139,12.875
102577,13.757049474956839,3.6153846153846154
102578,17.529196424044294,3.0
102579,2.3094010767585034,-6.666666666666667
1026811,,-6.0
102683,,-11.0
102684,,-10.0
102685,,-11.0
102756,,-9.0
102791,8.082903768654761,-7.333333333333333
1027910,10.425929215182693,-0.2
1027911,3.774917217635375,-6.75
1027912,4.604345773288535,-9.2
102792,1.4142135623730951,-9.0
102793,8.48528137423857,0.0
102794,,-9.0
102796,3.696845502136472,-6.5
102797,16.263455967290593,5.5
102798,6.377042156569663,-4.0
102799,3.304037933599835,-5.75
102991,4.220133150686577,-9.857142857142858
1029910,8.401770265232418,-3.6153846153846154
1029911,11.95427797504985,0.2857142857142857
1029912,4.041451884327381,-4.333333333333333
102992,4.61519230368573,-6.4
102993,7.810249675906654,-5.5
102994,7.289914755527471,-7.0
102995,2.7436796055257213,-5.444444444444445
102996,8.701706555021088,-3.4166666666666665
102997,13.717449509753319,-0.8
102998,11.989311479129638,-1.9230769230769231
102999,13.516480240626187,-2.8666666666666667
1033310,,-20.0
103334,,-11.0
103335,,-11.0
103339,,-4.0
1036111,,-15.0
103612,,-6.0
103613,,-2.0
103616,,-4.0
103617,,-8.0
103721,6.575568054403759,-7.285714285714286
1037211,,-10.0
1037212,9.504384952922168,-8.666666666666666
103722,10.334408546211051,-3.4
103723,4.163331998932265,-11.333333333333334
103724,,-2.0
103726,27.010800309012197,9.25
103727,45.96194077712559,22.5
103729,2.8284271247461903,-12.0
103971,9.490537171031235,0.9728260869565217
1039710,9.95963372727134,1.075268817204301
1039711,12.02385561259013,2.2083333333333335
1039712,10.882991529580892,2.157608695652174
103972,12.246470903547445,3.0118343195266273
103973,8.908323345086988,0.9295774647887324
103974,10.226999687799708,1.4660194174757282
103975,10.391451751490072,2.4444444444444446
103976,12.580627541943702,4.0
103977,11.673847891301774,3.3105263157894735
103978,12.616092105356433,3.5297029702970297
103979,8.121973931611226,-0.7283236994219653
104081,1.1547005383792517,-6.333333333333333
1040810,4.041451884327381,-7.666666666666667
1040811,22.627416997969522,13.0
104083,,-2.0
104084,7.58287544405155,-2.0
104085,3.5355339059327378,-5.5
104086,,-6.0
104087,8.34665601703261,0.5
104088,2.081665999466133,-4.333333333333333
104089,2.1213203435596424,-8.5
1040911,,0.0
104231,10.240338471930723,-0.6896551724137931
1042310,9.347078039038076,-2.4864864864864864
1042311,12.20347209538317,1.4838709677419355
1042312,8.218782579967314,-1.0
104232,11.643596237131092,4.36
104233,10.961201458375596,1.4736842105263157
104234,4.634486113741365,-2.0384615384615383
104235,11.29385941581538,1.4857142857142858
104236,16.4233215336021,6.176470588235294
104237,15.329489631480673,3.4871794871794872
104238,14.943939283914442,3.108108108108108
104239,10.588772515585045,0.6176470588235294
104311,4.932882862316247,-3.3333333333333335
1043110,1.4142135623730951,-4.0
1043111,6.683312551921141,-7.0
1043112,17.320508075688775,3.0
104312,9.899494936611665,-11.0
104313,21.639910218984603,5.428571428571429
104314,13.937359864766353,-3.75
104315,17.925772879665004,4.333333333333333
104316,1.707825127659933,-2.75
104317,14.229412864773813,0.14285714285714285
104318,13.501851724856113,-0.6
104319,12.694205652298892,-3.142857142857143
104341,,8.0
1043410,,-1.0
1043411,4.764451699828638,-3.8
104342,,-2.0
104343,,-8.0
104344,,-1.0
104345,2.0816659994661326,-8.666666666666666
104346,4.242640687119285,-3.0
104347,4.898979485566356,-10.0
104348,,-6.0
104349,2.1213203435596424,-6.5
104661,6.4807406984078595,-6.0
1046610,9.639329160614167,-3.25
1046612,,16.0
104662,10.606601717798213,1.5
104663,1.4142135623730951,-1.0
104664,3.5355339059327378,-3.5
104666,,-6.0
104667,12.921558213569549,4.833333333333333
104668,9.864076236526156,0.6
104669,,0.0
1046910,4.932882862316247,-4.333333333333333
1046911,,-3.0
104692,8.48528137423857,-10.0
104694,0.7071067811865476,-9.5
104695,,-11.0
104696,0.7071067811865476,-9.5
104698,2.8284271247461903,-9.0
104699,7.52772652709081,-7.0
105291,7.719024117939608,-3.125
1052910,6.212534767330814,-5.705882352941177
1052911,14.312227963564784,-0.3888888888888889
1052912,6.5086537086724165,-1.8421052631578947
105292,6.258933010045916,-5.083333333333333
105293,10.552676170478005,-3.230769230769231
105294,6.694677994518661,-3.526315789473684
105295,15.335430825265108,0.21052631578947367
105296,10.828584476201945,1.2142857142857142
105297,11.184352622737874,-0.38461538461538464
105298,9.603920767980496,-0.11764705882352941
105299,4.153859103838918,-6.363636363636363
105511,,-18.0
1055111,,17.0
105515,25.45584412271571,-12.0
105516,,-11.0
105518,,-10.0
105519,,6.0
105581,,-15.0
105583,,-7.0
105584,,-2.0
105586,,19.0
105588,,-18.0
105589,,-8.0
105611,,-5.0
1056110,,-6.0
1056111,,-4.0
105613,,-14.0
105614,7.234178138070234,-2.3333333333333335
105615,,-10.0
105616,,-7.0
105618,,-3.0
105619,2.5166114784235836,-7.333333333333333
105773,2.1213203435596424,-6.5
105778,,-3.0
105811,23.09401076758503,8.333333333333334
1058110,0.0,-10.0
1058111,3.0,-7.0
1058112,3.361547262794322,-6.4
105813,2.1213203435596424,-1.5
105815,,-10.0
105816,0.5773502691896258,-9.666666666666666
105817,22.7941095147722,7.714285714285714
105818,1.4142135623730951,-7.0
105819,3.1091263510296048,-5.5
105991,14.67310464761974,7.4
1059910,17.212433213896784,2.375
1059911,15.132745950421555,4.666666666666667
1059912,6.078194176270157,-0.7777777777777778
105992,8.363943780033171,-2.8
105993,12.366725412812295,0.5384615384615384
105994,5.506561742341788,-5.1
105995,6.242328625334193,-1.8333333333333333
105996,5.820028116145769,-0.5454545454545454
105997,5.474458600601248,-4.166666666666667
105998,11.375943385587322,0.21428571428571427
105999,13.675809949607292,2.4444444444444446
106201,,-11.0
1062010,0.7071067811865476,-6.5
1062011,5.656854249492381,-4.0
1062012,,-9.0
106202,7.571877794400366,-1.6666666666666667
106203,4.949747468305833,14.5
106204,4.932882862316247,-9.333333333333334
106206,8.103497187428813,1.5
106207,8.366600265340756,1.0
106208,13.279056191361391,2.6666666666666665
106209,3.605551275463989,-6.0
106271,8.48528137423857,-10.0
1062710,30.5,9.75
1062711,2.6457513110645907,-5.0
1062712,12.526638282742368,-4.25
106272,10.44030650891055,-5.0
106273,16.165807537309522,-1.3333333333333333
106274,4.242640687119285,-8.0
106275,0.0,-6.0
106277,2.516611478423583,-5.5
106278,2.0412414523193148,-4.833333333333333
106279,2.8867513459481287,-6.666666666666667
1063110,,15.0
106315,,-4.0
106317,,-10.0
106439,,-12.0
106661,8.48528137423857,3.0
1066610,16.77299416721217,0.6666666666666666
1066611,4.242640687119285,-8.0
106662,,-1.0
106663,1.0,-8.0
106664,7.094598884597588,-1.3333333333333333
106665,,-14.0
106666,7.505553499465135,-5.666666666666667
106668,4.509249752822894,-4.5
106669,,-3.0
106761,,15.0
1067610,,0.0
106762,,-9.0
106763,,0.0
106766,,0.0
106768,,41.0
106851,,-10.0
1068510,,-8.0
1068511,,-13.0
1068512,15.947831618540915,3.6666666666666665
106852,3.5355339059327378,-10.5
106853,7.234178138070234,-4.333333333333333
106854,,-17.0
106855,,-10.0
106856,7.234178138070234,-12.666666666666666
106857,,0.0
106931,11.344268904375898,-0.11428571428571428
1069310,7.22699226554799,-2.3404255319148937
1069311,9.733618120664662,-1.5238095238095237
1069312,9.65336728815391,1.5625
106932,11.865506474754417,1.0975609756097562
106933,9.241878124384124,0.9523809523809523
106934,11.678599339804517,1.8055555555555556
106935,12.546444329216245,5.408163265306122
106936,17.505298736981548,3.625
106937,10.700923142306976,2.8780487804878048
106938,11.919516194466974,2.4705882352941178
106939,5.706112055945705,-2.5294117647058822
107131,7.711463328491335,-3.3333333333333335
1071310,16.115099396883302,5.625
1071311,3.5355339059327378,-3.6666666666666665
1071312,4.3758829564273825,-4.928571428571429
107132,16.489923663182385,2.9285714285714284
107133,10.06408039940631,3.4285714285714284
107134,8.297255235585105,-2.2
107135,15.598147255433826,4.928571428571429
107136,8.903898683425474,-0.8235294117647058
107137,5.9237580209617855,-2.909090909090909
107138,6.2105900340811875,-5.428571428571429
107139,3.395462658705978,-4.9375
107211,14.626541865743748,1.9791666666666667
1072110,9.519244237586134,-1.462686567164179
1072111,10.892919544480792,-1.05
1072112,12.213182508308234,1.4310344827586208
107212,9.708495037158169,-1.4791666666666667
107213,14.7927146722598,2.264705882352941
107214,11.793546671916317,0.13432835820895522
107215,13.745919708843614,0.7283950617283951
107216,11.222563020358617,2.515151515151515
107217,10.009627400290217,-1.1666666666666667
107218,11.940677447601386,0.15254237288135594
107219,12.847345214256487,0.5641025641025641
107281,,-2.0
1072811,,0.0
1072812,,-8.0
107283,,-9.0
107286,10.606601717798213,-4.5
107289,3.5355339059327378,-9.5
107311,,-1.0
1073210,,-8.0
1073211,4.242640687119285,-6.0
1073212,,-7.0
107322,,-13.0
107323,2.8284271247461903,1.0
107324,31.81980515339464,18.5
107325,,-4.0
107326,,-8.0
107392,4.242640687119285,-6.0
107393,,-7.0
107394,,-7.0
107396,,-6.0
107398,,-11.0
107471,,-12.0
1074710,2.1213203435596424,-8.5
1074711,,-9.0
1074712,,-11.0
107472,,-1.0
107473,,-10.0
107475,,-4.0
107477,0.7071067811865476,-9.5
107478,2.516611478423583,-7.666666666666667
107479,,-12.0
107544,,-7.0
107545,,-9.0
107792,,-3.0
107793,2.1213203435596424,-5.5
107811,3.605551275463989,-8.0
1078110,2.362907813126304,-5.75
1078111,7.5938571665963455,0.5
1078112,15.37313674346694,-3.6666666666666665
107812,3.872983346207417,-2.5
107813,4.09878030638384,-4.6
107814,4.932882862316248,-8.333333333333334
107815,12.095453691366853,1.4
107816,2.753785273643051,-7.25
107817,6.8068592855540455,-8.666666666666666
107818,5.560275772537426,-5.25
107819,5.442338432975996,-6.428571428571429
107851,18.10633275167243,6.125
1078510,13.941345383825448,0.8888888888888888
1078511,7.593125545883958,-4.1
1078512,25.36335939894398,13.6
107852,,-11.0
107853,3.8815804341359033,-5.333333333333333
107854,6.429100507328637,-5.666666666666667
107855,3.5637059362410923,-7.2
107856,2.16794833886788,-4.8
107857,11.284207253207173,0.0
107858,1.4142135623730951,-8.0
107859,,-11.0
107921,17.411594882825536,-1.8181818181818181
1079210,7.960056532462568,1.1875
1079211,4.606319769423506,-3.727272727272727
1079212,11.216059914247962,-1.0
107922,25.41871576439516,6.111111111111111
107923,7.775252115175781,-4.5
107924,12.708522177960441,-2.7222222222222223
107925,13.509256086106294,-1.0
107926,6.965281869038145,-2.1666666666666665
107927,19.348358440936906,4.230769230769231
107928,6.160808027812225,-2.2
107929,9.905435228137303,-3.3333333333333335
108001,13.95573358874409,3.3125
1080010,10.126963247458963,-1.6538461538461537
1080011,4.187825066532602,-1.4166666666666667
1080012,8.54486429865056,-0.5294117647058824
108002,13.492759000832464,0.6363636363636364
108003,15.783402341500524,5.8
108004,13.282434901894943,4.5
108005,12.292378293176798,5.538461538461538
108006,13.438975429922499,-0.3333333333333333
108007,9.33489961794946,1.8421052631578947
108008,14.509438635722937,2.6666666666666665
108009,10.227637809553029,-0.3888888888888889
108211,9.432125060927849,0.8727272727272727
1082110,15.498544210561619,2.441860465116279
1082111,12.606378715306214,3.196078431372549
1082112,13.846417242025158,5.555555555555555
108212,8.344856897313257,0.5945945945945946
108213,13.643323233311838,3.7796610169491527
108214,10.766108438479103,2.3333333333333335
108215,15.312981256371446,7.428571428571429
108216,12.098804226262835,5.288135593220339
108217,11.043975179033229,4.1
108218,12.164804412481182,2.983050847457627
108219,10.225065125226084,-0.358974358974359
108491,19.091883092036785,10.5
1084910,1.707825127659933,-5.75
1084911,,-4.0
1084912,4.4986770542121866,-5.714285714285714
108492,24.041630560342615,4.0
108493,,-9.0
108494,17.67766952966369,10.5
108495,9.44986772394196,-5.6
108496,9.289779329994873,-4.5
108497,10.21140182701314,-3.4545454545454546
108498,3.0767948691238205,-5.333333333333333
108499,3.0550504633038935,-4.666666666666667
108681,13.47837774610382,1.5
1086810,2.1908902300206647,-4.4
1086811,22.171678631383177,4.25
1086812,1.1547005383792517,-4.666666666666667
108682,10.96965511460289,3.6666666666666665
108683,14.294521094927712,8.666666666666666
108684,3.9327683210007,-5.666666666666667
108685,14.747881203752627,1.3333333333333333
108686,10.60996835864408,-0.7142857142857143
108687,10.807404868885037,0.4
108688,16.403251710153896,1.3333333333333333
108689,,-13.0
108741,9.063269671749657,-1.8571428571428572
1087410,6.608075867199671,-5.5
1087411,12.711075036023844,3.7142857142857144
1087412,6.557438524302,-5.5
108742,4.3089055068157,-7.833333333333333
108743,4.242640687119285,-5.0
108744,0.7071067811865476,-10.5
108745,6.363961030678928,-3.5
108746,,-5.0
108747,20.8806130178211,1.0
108749,4.355073669487885,-6.833333333333333
1091810,5.656854249492381,-8.0
109186,,-9.0
109189,,-5.0
109261,,-27.0
1092610,,-28.0
1092611,,-26.0
109268,,-13.0
1096710,,-9.0
1096711,,-2.0
109673,,-7.0
109676,,2.0
109678,,-5.0
109679,,-4.0
109801,2.0,-3.0
1098010,6.363961030678928,-2.5
1098011,11.856081421222893,4.166666666666667
109802,1.7320508075688772,-4.0
109803,4.898979485566356,-6.0
109804,6.2048368229954285,-3.75
109805,4.725815626252609,-5.333333333333333
109806,1.4142135623730951,-4.0
109807,8.082903768654761,-5.333333333333333
109808,1.5275252316519468,-5.333333333333333
109809,1.5,-4.75
109901,3.0,-9.0
1099010,4.242640687119285,-8.0
1099011,2.8867513459481287,-9.333333333333334
1099012,4.358898943540674,-6.0
109902,6.800735254367722,-0.25
109903,4.8270073544588685,-6.6
109904,6.557438524302,0.0
109905,22.54624876411447,8.5
109906,6.414269805898185,1.1428571428571428
109907,6.260990336999411,-7.2
109908,26.27419519858474,-0.3333333333333333
109909,5.163977794943222,-7.333333333333333
109941,6.019200049073732,-4.6923076923076925
1099410,9.872343080279212,-3.1
1099411,4.3094580368566735,-3.0
1099412,18.40289832245635,8.0
109942,5.411920998027307,-2.8
109943,5.38353565422863,-2.736842105263158
109944,14.881616175671242,0.4375
109945,4.100073909163841,-3.9166666666666665
109946,9.168022228318787,0.9473684210526315
109947,3.961871851969542,-1.625
109948,4.035556254807296,-5.428571428571429
109949,2.982857002512172,-4.3076923076923075
110031,,-7.0
1100310,8.962886439832502,-2.5
1100311,6.48074069840786,2.0
1100312,17.04406054905931,1.3333333333333333
110032,32.715949219506584,26.333333333333332
110033,12.067271755415456,-2.4285714285714284
110034,15.275252316519467,5.333333333333333
110035,14.0089257261219,4.75
110036,32.127869521647405,7.8
110037,6.377042156569663,-12.0
110038,6.740072064048828,-4.0
110039,8.845903006477068,0.25
110134,,-10.0
110135,,-3.0
110277,,28.0
110279,,-15.0
110421,12.657013865837392,-0.25
1104210,12.266015413941895,-0.7446808510638298
1104211,14.90926860454867,3.1875
1104212,10.152996273678689,-1.6
110422,5.3999999999999995,-4.92
110423,8.701697548747891,-2.7333333333333334
110424,13.011474226176738,-0.5384615384615384
110425,14.12770165394883,1.1666666666666667
110426,7.194014606174091,0.07692307692307693
110427,12.966050344590736,-0.038461538461538464
110428,12.93495875118034,-1.05
110429,4.090702403481114,-4.423076923076923
1104910,1.4142135623730951,-7.0
1104911,1.4142135623730951,-4.0
1104912,,-5.0
110492,,-15.0
110493,10.53169818531972,-3.75
110494,,-12.0
110495,,-3.0
110497,,-10.0
110571,10.039816430117451,0.23728813559322035
1105710,12.21679026555407,1.3109243697478992
1105711,12.218995903513012,1.2735042735042734
1105712,11.335215694724932,0.8166666666666667
110572,11.421834829462316,0.7452830188679245
110573,11.024385614456722,1.2318840579710144
110574,9.203738400436146,1.0642201834862386
110575,11.818913144959112,2.675213675213675
110576,13.438815397805028,3.1707317073170733
110577,10.97585840775631,1.8666666666666667
110578,11.80902837918955,0.975
110579,9.063059568243057,-1.083969465648855
110661,14.539052856737763,2.4166666666666665
1106610,12.098716765360741,0.8
1106611,12.120448141793055,-1.8
1106612,13.603220907109428,2.0
110662,14.089988565565898,-0.4444444444444444
110663,9.778499251881529,0.0
110664,9.027656146452163,-0.037037037037037035
110665,16.764231974182724,3.75
110666,10.214090039138842,0.4074074074074074
110667,13.161007606263329,0.45454545454545453
110668,14.746589597663075,2.4761904761904763
110669,5.363837337964519,-3.9565217391304346
1106710,,-2.0
1106711,,0.0
1106712,,7.0
110673,,22.0
110674,2.8284271247461903,-10.0
110675,1.4142135623730951,-12.0
110676,,-12.0
110677,,-12.0
110678,6.027713773341708,-1.6666666666666667
110679,21.213203435596427,16.0
110761,,-11.0
1107610,,-12.0
110763,,-11.0
110767,,-13.0
110975,,-11.0
110976,,-8.0
110977,,2.0
111091,17.08243319347463,0.8571428571428571
1110910,11.92895636675732,2.4
1110911,11.313708498984761,-2.0
1110912,7.804912982645397,-0.75
111092,5.795112883571237,-8.25
111093,4.979959839195493,-4.6
111094,32.526911934581186,17.0
111095,12.029131306956458,-2.2
111096,3.366501646120693,-8.0
111097,2.774243783705493,-5.375
111098,10.996969279457561,0.4
111099,,-5.0
111111,,-11.0
1111111,,-11.0
1111112,3.5355339059327378,1.5
111116,4.949747468305833,-3.5
111117,,-4.0
111118,18.384776310850235,20.0
111119,,-4.0
1112212,3.5355339059327378,-7.5
111222,,-7.0
111223,4.242640687119285,-9.0
111225,2.8284271247461903,-7.0
111226,,-5.0
111227,3.5118845842842465,-9.666666666666666
111229,,-9.0
111401,12.727922061357855,-5.0
1114010,2.1213203435596424,-10.5
1114011,4.242640687119285,-4.0
1114012,19.091883092036785,0.0
111402,6.363961030678928,-0.5
111403,10.606601717798213,-9.5
111404,2.081665999466133,-7.666666666666667
111405,1.7320508075688772,-10.0
111406,19.295940851208403,2.3333333333333335
111407,6.855654600401044,-8.5
111408,4.725815626252609,-5.333333333333333
111409,11.518101695447331,0.0
111461,9.128709291752768,-7.0
1114610,4.041451884327381,-4.666666666666667
1114611,0.7071067811865476,-2.5
1114612,,-8.0
111462,5.585696017507577,-0.8
111463,12.020815280171307,1.5
111464,9.192388155425117,-3.5
111465,2.8284271247461903,-8.0
111466,0.0,-6.0
111467,9.291573243177568,-7.666666666666667
111468,3.271085446759225,-3.2
111469,29.68725877094976,21.333333333333332
1115010,,-10.0
111503,,-3.0
111507,8.48528137423857,1.0
111509,38.18376618407357,21.0
111931,12.146828991364558,-3.5
1119310,12.153600289626114,0.72
1119311,3.8749389046992104,-6.409090909090909
1119312,9.934568544930023,1.0
111932,11.726707530917173,0.14814814814814814
111933,4.797435212213356,-3.1538461538461537
111934,11.900345945317456,-2.185185185185185
111935,17.733331684474265,4.55
111936,10.84598856629932,0.7241379310344828
111937,8.691688820100184,-2.0
111938,14.892806952510032,0.9354838709677419
111939,9.837135292819285,-1.6666666666666667
112031,,-6.0
1120310,5.686240703077327,1.3333333333333333
1120312,24.748737341529164,0.5
112032,26.16295090390226,18.5
112033,19.28730152198591,17.0
112034,6.429100507328637,-2.3333333333333335
112035,4.949747468305833,-11.5
112036,1.0,-2.0
112037,8.48528137423857,-7.0
112038,7.7781745930520225,12.5
112039,,-4.0
112337,,19.0
112521,,17.0
1125210,4.242640687119285,-1.0
1125212,7.455423082115015,-3.25
112522,4.242640687119285,-3.0
112523,,-3.0
112524,2.8284271247461903,-7.0
112525,3.5355339059327378,-8.5
112526,10.606601717798213,5.5
112527,3.5355339059327378,-3.5
112528,10.606601717798213,8.5
112529,,-6.0
112591,15.223747341929455,6.0256410256410255
1125910,10.531393849356144,3.75
1125911,13.221524576281364,4.393939393939394
1125912,11.244685811608187,3.735294117647059
112592,12.221894805785153,4.266666666666667
112593,11.54999129222939,4.666666666666667
112594,10.461228493217304,3.861111111111111
112595,11.694911061719665,5.676470588235294
112596,14.11344727341247,6.757575757575758
112597,9.737582493643524,2.5
112598,13.15002193622037,2.3333333333333335
112599,8.483994396482133,2.433333333333333
112671,10.69579356569675,-2.0
1126710,7.454101982374293,-3.1818181818181817
1126711,22.20521174344952,4.25
1126712,3.559026084010437,-6.0
112672,3.044315545875155,-7.125
112673,14.228386053835118,-3.5833333333333335
112674,15.941858647687763,0.14285714285714285
112675,4.832922806867792,-1.75
112676,8.280499179799891,-2.1666666666666665
112677,10.510765456244872,-3.142857142857143
112678,5.0896720822428145,-6.285714285714286
112679,13.827230658823465,-0.7692307692307693
1127412,,-11.0
112743,,-2.0
112744,,-8.0
112745,,30.0
112781,13.1737700532807,0.3728813559322034
1127810,8.95615197659397,-3.2
1127811,12.161775032034779,0.10526315789473684
1127812,12.584101691603394,1.2769230769230768
112782,14.235890502058723,2.2465753424657535
112783,9.611722338963736,-1.1323529411764706
112784,11.084037609297019,-0.7017543859649122
112785,16.567932024032913,2.7547169811320753
112786,11.174481984371697,-0.6666666666666666
112787,13.199479356906693,2.1379310344827585
112788,12.45549017150569,-0.49295774647887325
112789,8.32422690843951,-3.8
112921,12.773892024763535,1.5873015873015872
1129210,8.351929301491127,-0.051094890510948905
1129211,11.200996710284441,0.8067226890756303
1129212,13.300627780161552,4.0661764705882355
112922,9.586164231513015,1.2061855670103092
112923,9.625584349169065,1.4827586206896552
112924,11.886393326006587,0.46956521739130436
112925,14.082883308911434,2.3495934959349594
112926,10.14925036212849,1.5333333333333334
112927,12.201277436499783,2.7902097902097904
112928,10.439988358146715,1.08125
112929,11.631454902769041,1.694915254237288
112981,10.440178693618423,0.051470588235294115
1129810,12.333544399738361,1.6984126984126984
1129811,12.857718906352778,2.544378698224852
1129812,10.490246014174712,1.9191176470588236
112982,12.45199892498079,2.485148514851485
112983,11.13720678870264,0.7457627118644068
112984,10.22254571226552,-0.6261682242990654
112985,11.028884924687185,1.6344827586206896
112986,13.3348917664296,4.166666666666667
112987,13.924408047973449,3.7045454545454546
112988,11.2471033634782,1.662162162162162
112989,12.685786684053374,1.1297709923664123
1130810,,12.0
113082,,-7.0
113083,0.7071067811865476,-3.5
113084,45.96194077712559,27.5
113087,,-4.0
113088,14.877275736280932,-2.0
113089,,3.0
113153,2.1213203435596424,-8.5
113158,,-14.0
113366,,-6.0
1133711,2.8867513459481287,-3.3333333333333335
113372,11.313708498984761,-2.0
113374,,-8.0
113376,4.242640687119285,-4.0
113378,19.629909152447276,5.333333333333333
114131,,-3.0
1141310,5.507570547286102,-7.333333333333333
1141311,4.08248290463863,-10.0
1141312,2.1213203435596424,-7.5
114132,,-9.0
114133,,-7.0
114134,33.231511150312336,6.666666666666667
114135,,-10.0
114136,9.192388155425117,-3.5
114137,4.242640687119285,21.0
114138,5.507570547286102,-3.6666666666666665
114157,,-8.0
114231,11.397577019031802,-0.2857142857142857
1142310,3.1622776601683795,-5.0
1142311,4.9452558635075246,-5.3
1142312,11.051825964195109,-0.8571428571428571
114232,10.437236101377481,-0.5384615384615384
114233,14.512446765143054,-2.111111111111111
114234,6.41958807955083,-0.9
114235,7.305249254246338,-2.1666666666666665
114236,11.746529375988143,1.1333333333333333
114237,5.006056937411525,-5.833333333333333
114238,2.5448360411214077,-7.857142857142857
114239,21.3296127708025,0.42857142857142855
114331,14.481920708154023,3.0
1143310,12.04196337491005,0.8409090909090909
1143311,9.644680870703251,-1.3763440860215055
1143312,11.537132360118964,0.8817204301075269
114332,11.216211028262105,1.4
114333,7.9206315094676585,-1.6458333333333333
114334,6.06070521827436,-2.2093023255813953
114335,11.71275616869461,0.6987951807228916
114336,14.32492931267016,3.7204301075268815
114337,12.15920037856741,1.7692307692307692
114338,10.98030203207661,0.05319148936170213
114339,12.88442943604597,0.9397590361445783
114451,4.242640687119285,3.0
1144510,,-8.0
114454,,-8.0
114456,,30.0
114459,,22.0
114472,,-20.0
114477,,-1.0
1146811,16.441816606851365,-1.6666666666666667
114688,,2.0
114701,,3.0
1147010,2.1213203435596424,-5.5
1147012,,13.0
114703,,-6.0
114704,,-3.0
114705,,0.0
114706,,20.0
114707,2.8284271247461903,3.0
114708,,-6.0
114709,2.8284271247461903,-4.0
1147112,,-13.0
114719,,31.0
114811,3.605551275463989,-10.0
1148110,14.064138793399332,3.4
1148111,16.25576820700886,13.25
1148112,10.44030650891055,3.0
114812,,-6.0
114813,,-8.0
114814,1.140175425099138,-3.4
114815,,1.0
114816,6.670832032063167,-1.0
114817,10.36018017861337,5.0
114819,12.700393694685216,-3.6
115031,,-2.0
1150312,9.192388155425117,-11.5
115032,,-14.0
115033,0.7071067811865476,0.5
115034,,-3.0
115035,,-2.0
115036,16.258331197676263,-1.6666666666666667
115252,,1.0
1153710,,-5.0
1153711,0.7071067811865476,-5.5
1153712,,-10.0
115372,4.242640687119285,-13.0
115373,,-7.0
115376,5.033222956847166,-5.333333333333333
115377,,-2.0
115378,4.654746681256313,-5.5
115379,,-11.0
115401,2.073644135332772,-8.4
1154010,5.313952882562588,0.2857142857142857
1154011,5.061526214398936,-4.428571428571429
1154012,16.14715978835811,5.3076923076923075
115402,17.76433023143368,6.714285714285714
115403,17.507141400011598,1.0
115404,7.291874146708003,-1.2
115405,16.821188452436438,3.5714285714285716
115406,4.573474244670748,-3.25
115407,14.593641045823999,0.8461538461538461
115408,15.958278938114432,2.3333333333333335
115409,4.223657859520077,-5.875
115771,10.606601717798213,-9.5
115772,,1.0
115773,2.516611478423583,-4.333333333333333
115774,9.192388155425117,-7.5
115775,,-3.0
115776,2.1213203435596424,-1.5
115777,,-12.0
115778,,43.0
115779,,-3.0
1158710,,1.0
115876,,-10.0
116031,3.559026084010437,-7.0
1160310,8.18535277187245,-2.0
1160311,2.8284271247461903,-2.0
1160312,6.723094525588644,-4.8
116032,,-1.0
116033,4.09878030638384,-4.4
116034,14.737706741552431,-1.8
116035,6.027713773341707,-4.666666666666667
116036,13.377842377105011,3.1666666666666665
116037,6.191391873668904,-3.5
116038,15.687574701017363,1.9
116039,10.606601717798213,-8.5
116121,4.0,-6.0
1161210,18.91207727000571,2.5
1161211,5.0990195135927845,-10.0
1161212,0.7071067811865476,-12.5
116122,,-4.0
116123,4.949747468305833,-0.5
116124,11.313708498984761,-7.0
116125,4.725815626252609,-5.666666666666667
116126,,-1.0
116128,14.142135623730951,1.0
116129,6.363961030678928,-5.5
1161710,9.899494936611665,-11.0
1161711,11.313708498984761,3.0
1161712,1.4142135623730951,-10.0
116174,7.7781745930520225,-6.5
116175,15.556349186104045,19.0
116177,,16.0
116178,,-7.0
116181,10.156308905475768,0.029850746268656716
1161810,14.014505228551368,0.6753246753246753
1161811,10.783816930353684,0.057971014492753624
1161812,15.236656816890996,4.575757575757576
116182,14.808962928671754,1.6428571428571428
116183,16.788315608887228,5.049180327868853
116184,12.03760047254485,-0.21311475409836064
116185,13.248560416899778,2.315068493150685
116186,14.047376142421445,3.4415584415584415
116187,16.8526138823771,2.74025974025974
116188,13.123452289698774,2.5555555555555554
116189,12.634817239530713,-0.5283018867924528
116241,,-4.0
1162410,,-13.0
1162411,3.696845502136472,-4.5
1162412,0.7071067811865476,-4.5
116242,24.00694344004112,-1.3333333333333333
116243,5.656854249492381,-8.0
116244,,2.0
116245,4.795831523312719,-9.5
116246,,-10.0
116247,,20.0
116248,,-7.0
116249,1.4142135623730951,-6.0
116301,,-14.0
1163010,3.605551275463989,-10.0
1163011,2.8635642126552705,-6.8
1163012,4.58257569495584,-9.0
116303,,-8.0
116304,,-17.0
116305,1.4142135623730951,-11.0
116306,,-15.0
116308,,-12.0
116309,3.0,-5.0
116371,18.90326250501043,5.666666666666667
1163710,5.686240703077327,2.6666666666666665
1163711,0.7071067811865476,-2.5
1163712,4.949747468305833,-6.5
116372,4.949747468305833,-4.5
116373,1.7320508075688772,-3.5
116374,3.5355339059327378,-10.5
116375,1.5275252316519468,-6.333333333333333
116376,,-2.0
116377,13.435028842544403,4.5
116378,19.477337258123008,0.16666666666666666
116379,12.60952021291849,0.5
116381,12.325930854445494,1.75
1163810,4.324349662087931,-7.2
1163811,3.5355339059327378,-6.5
1163812,14.217695212053785,5.142857142857143
116382,1.9235384061671346,-7.8
116383,2.160246899469287,-5.333333333333333
116384,9.368979548370131,-2.5555555555555554
116385,4.509249752822894,-1.3333333333333333
116386,2.3874672772626644,-3.8
116387,1.2583057392117916,-2.75
116388,2.0,-5.0
116389,6.2182527020592095,0.0
116411,15.588457268119896,-2.0
1164110,14.142135623730951,11.0
1164112,2.081665999466133,-6.333333333333333
116413,6.027713773341708,-3.3333333333333335
116414,25.579940057266224,15.333333333333334
116415,3.5355339059327378,-6.5
116417,,5.0
116418,1.4142135623730951,0.0
116419,4.242640687119285,-7.0
116481,,-5.0
1164810,,-2.0
1164811,7.7781745930520225,-6.5
1164812,21.354156504062622,3.0
116482,4.618802153517007,0.6666666666666666
116484,,-8.0
116485,1.4142135623730951,-9.0
116486,3.0,-8.0
116487,9.418067742376884,-1.8
116488,5.131601439446884,-6.333333333333333
116489,9.60902353693305,-3.3333333333333335
116951,6.13052471924984,-8.75
1169510,,-4.0
1169512,,1.0
116954,,-3.0
116956,0.0,-4.0
116958,1.4142135623730951,-10.0
116959,,-1.0
116971,13.586029340344993,3.6739130434782608
1169710,8.499951143107584,-0.4186046511627907
1169711,11.51507621579279,-0.19047619047619047
1169712,10.605399087064963,0.673469387755102
116972,10.847875888408872,2.53125
116973,15.906356641821933,4.813953488372093
116974,15.072646383085717,3.2857142857142856
116975,11.884610503398763,2.173076923076923
116976,15.884379955479796,4.326086956521739
116977,13.703280887611738,3.6904761904761907
116978,12.649110640673518,4.0
116979,6.530016461126144,-3.5714285714285716
1169910,,32.0
116994,7.7781745930520225,-1.5
116996,,-10.0
117211,,-6.0
1172111,7.0710678118654755,-6.0
1172112,,-12.0
117212,9.899494936611665,-12.0
117213,8.99536917900909,-1.25
117214,8.717797887081348,4.0
117215,8.286535263104035,-4.0
117216,11.40175425099138,5.0
117217,,-12.0
117218,,-3.0
117219,,33.0
117751,12.275992831539126,6.8
1177510,9.192388155425117,-9.5
1177511,27.03701166919155,9.5
1177512,,-15.0
117752,,-8.0
117753,2.8867513459481287,-9.666666666666666
117754,8.105553651663778,-2.8
117755,4.203173404306164,-6.5
117756,0.5773502691896258,-0.3333333333333333
117757,4.8419463487779835,-7.777777777777778
117758,5.909032633745278,-6.75
117759,2.1213203435596424,-3.5
1177811,,-13.0
1177812,0.7071067811865476,-0.5
117783,,-11.0
117784,,-10.0
117786,4.949747468305833,-2.5
117787,,-6.0
117789,23.33452377915607,14.5
118231,9.673847907287634,-4.25
1182310,8.55235974119758,-5.142857142857143
1182311,19.091883092036785,11.5
1182312,1.4142135623730951,0.0
118232,11.313708498984761,-3.0
118233,4.242640687119285,-9.0
118234,27.778888866667554,13.5
118235,3.5355339059327378,-2.5
118236,12.77497553813705,0.8
118237,16.522711641858304,17.0
118238,3.391164991562634,-9.0
118239,4.509249752822894,-2.5
1186510,,-12.0
1186511,,-10.0
118653,,-17.0
118654,,-6.0
118674,,-7.0
118676,5.656854249492381,-8.0
118841,14.43001298423791,-2.9285714285714284
1188410,6.446205971621713,-1.875
1188411,2.9268868558020253,-5.166666666666667
1188412,22.521347897297602,8.9
118842,8.220908303425682,-0.75
118843,7.042355517994675,-1.7777777777777777
118844,2.217355782608345,-4.25
118845,9.15757124521077,-4.111111111111111
118846,8.836477427874375,1.4166666666666667
118847,2.7134180220963673,-4.857142857142857
118848,16.359793921161025,1.25
118849,15.01480750607361,-0.7777777777777778
1189810,,-7.0
1189811,,-3.0
1189812,,14.0
118982,,-16.0
118983,,-15.0
118984,6.429100507328636,-6.333333333333333
118987,,-3.0
118989,,-12.0
1190512,,-8.0
119055,,55.0
119056,,-4.0
119057,,-11.0
119211,,-9.0
1192110,3.5355339059327378,-3.5
1192111,2.6457513110645907,-3.0
1192112,3.214550253664318,-7.666666666666667
119213,,-8.0
119214,,-9.0
119216,12.701705922171767,6.333333333333333
119217,,-2.0
119531,8.48528137423857,-6.0
1195312,11.236102527122116,2.25
119534,5.0,-2.0
119535,16.38596960817394,-2.0
119537,7.0710678118654755,-6.0
119538,7.7781745930520225,-1.5
119731,7.0710678118654755,-9.0
1197310,21.571586249817916,5.333333333333333
1197311,,-3.0
1197312,2.1213203435596424,-2.5
119732,17.67766952966369,25.5
119733,29.473151624260794,16.0
119734,1.8257418583505538,-3.0
119735,1.4142135623730951,-6.0
119737,,-1.0
119738,3.5355339059327378,-3.5
119739,,-3.0
119771,,-6.0
1197710,11.236102527122116,-4.25
1197711,21.007935008784973,10.666666666666666
1197712,9.192388155425117,-1.5
119772,,-5.0
119773,,-8.0
119775,9.126883367283709,-2.6
119776,4.949747468305833,-6.5
119777,1.2583057392117916,-6.25
119778,3.847076812334269,-6.0
119779,12.727922061357855,-1.0
119801,,-6.0
1198010,13.435028842544403,-7.5
119821,2.8284271247461903,-2.0
1198210,5.686240703077327,-4.333333333333333
1198212,12.020815280171307,-1.5
119822,7.505553499465135,-3.6666666666666665
119823,,-3.0
119825,33.94112549695428,17.0
119826,,-2.0
119827,2.1213203435596424,-8.5
119828,3.5355339059327378,-7.5
119829,6.557438524302,-6.0
119861,11.157956802210698,-0.25
1198610,12.64317997973611,1.375
1198611,3.8622100754188224,-8.75
1198612,2.516611478423583,-9.5
119862,6.047037842337906,-1.1666666666666667
119863,14.724129855444769,-2.0
119864,6.968039281503186,-0.375
119865,4.808846015417836,-1.625
119866,19.81461701923728,3.5714285714285716
119867,6.997835163084149,-1.3333333333333333
119868,3.2071349029490923,-6.571428571428571
119869,19.172897537930986,0.0
119951,10.571975532825768,-2.8333333333333335
1199510,5.773502691896258,-7.0
1199511,16.786538618425144,-0.8333333333333334
1199512,5.715476066494083,-0.6666666666666666
119952,11.335784048754634,5.0
119953,9.054399088682963,-2.625
119954,4.55521678957215,-6.0
119955,19.882152800941853,2.6
119956,5.2355242608275905,-3.625
119957,17.099707599839242,2.0
119958,9.635582205785203,1.2
119959,7.345444544447638,-7.2
119961,6.311365409587163,-5.5
1199610,16.34353422950835,0.0
1199611,2.6832815729997477,-9.8
1199612,15.713203425933298,2.2857142857142856
119962,8.555699854482976,-3.0
119963,13.043197460745581,-0.875
119964,25.89530201922091,7.833333333333333
119965,19.082754391112285,5.166666666666667
119966,10.995919989262218,-1.0769230769230769
119967,18.314221640182097,0.625
119968,3.3115957885386114,-6.166666666666667
119969,15.960115122557063,1.4285714285714286
119978,,-3.0
120031,,-5.0
1200310,,-9.0
1200311,1.4142135623730951,-6.0
1200312,0.7071067811865476,-5.5
120032,,-7.0
120033,,-2.0
120034,8.54400374531753,-2.0
120035,,-10.0
120036,1.4142135623730951,-7.0
120037,26.16295090390226,11.5
120038,6.97614984548545,-13.0
120039,0.7071067811865476,-10.5
120073,,-2.0
120074,,12.0
120123,,-10.0
1201612,,-3.0
120163,,-14.0
120164,,-16.0
120165,2.1213203435596424,-6.5
120166,,-3.0
120167,,13.0
1209412,7.0710678118654755,-5.0
120942,9.192388155425117,-1.5
120945,,-8.0
120946,,-12.0
120948,,-13.0
1211910,,-5.0
1211912,,0.0
121197,,-17.0
121241,12.727922061357855,1.0
1212410,,-9.0
1212411,,-3.0
121242,0.7071067811865476,-1.5
121243,,0.0
121246,,-4.0
121247,8.888194417315589,0.0
121248,0.7071067811865476,0.5
121249,,-6.0
1212911,8.48528137423857,-5.0
1212912,,-4.0
121295,,-5.0
121296,,-6.0
121297,2.8284271247461903,-4.0
121561,,-4.0
1215610,,-5.0
1215612,,1.0
121563,,1.0
121564,,-5.0
121565,,-5.0
121566,,-10.0
121567,10.606601717798213,1.5
121568,,-6.0
121569,4.949747468305833,-8.5
121731,6.553984295444073,-2.7916666666666665
1217310,9.380585515594674,-0.34615384615384615
1217311,11.540075100853258,-2.44
1217312,13.618844828873499,2.6296296296296298
121732,10.161560408791578,-0.5789473684210527
121733,4.415880433163923,-3.0
121734,9.635005621863089,1.0
121735,10.053494483151185,0.9642857142857143
121736,10.218668321557846,-1.2758620689655173
121737,6.989481586845541,-2.3783783783783785
121738,10.709549217611563,-0.3611111111111111
121739,11.24742705620336,-1.2307692307692308
1217710,,4.0
121772,2.1213203435596424,-5.5
121775,,-7.0
121911,11.975465114386262,5.0
1219110,11.950083145295984,6.625
1219111,11.14480446964713,1.96
1219112,7.8701969479804,1.5
121912,10.946179268571758,4.583333333333333
121913,15.932292511249962,9.26086956521739
121914,12.044639194817474,4.64
121915,15.477787463391035,8.19047619047619
121916,11.453375177460355,5.586206896551724
121917,13.459728292736289,7.083333333333333
121918,11.821198786110516,7.5
121919,7.993330553238326,1.32
121971,6.027713773341707,-4.333333333333333
1219710,24.296090220444935,7.6
1219711,22.173557826083453,7.5
1219712,8.098353742170895,-6.75
121972,3.5355339059327378,3.5
121973,2.8284271247461903,-7.0
121974,,-6.0
121975,6.697547525560595,-5.5
121976,8.453795991545258,-1.3333333333333333
121977,2.886751345948129,-4.333333333333333
121978,7.386925386564202,-4.166666666666667
121979,2.8284271247461903,-8.0
122061,,-2.0
1220610,4.618802153517007,-4.666666666666667
1220612,,5.0
122062,14.142135623730951,4.0
122063,,31.0
122064,14.849242404917497,4.5
122065,6.3456021516217564,-7.333333333333333
122066,4.242640687119285,0.0
122067,20.008331597945226,14.333333333333334
122068,11.470977871713176,2.75
122069,7.094598884597588,4.333333333333333
122171,2.29906813420444,-5.571428571428571
1221710,8.598172563316663,-6.25
1221711,23.101226518664905,9.5
1221712,4.949747468305833,-5.5
122172,6.5,-2.75
122173,7.67804538618918,-6.571428571428571
122174,3.5939764421413045,-7.75
122175,4.347960660443228,-6.285714285714286
122176,21.279321507264367,7.857142857142857
122177,19.017535767461215,2.5
122178,16.68332500832293,0.5
122179,2.8722813232690143,-10.75
1222312,,11.0
122232,7.7781745930520225,-10.5
122236,,0.0
122237,,-3.0
122239,,27.0
1224411,,-3.0
1224412,,2.0
122442,2.8284271247461903,-12.0
122444,,-12.0
122447,46.66904755831214,19.0
122508,,-13.0
122557,,-23.0
122559,,-15.0
122641,7.536221506669959,-2.3404255319148937
1226410,10.115475728491024,-1.6382978723404256
1226411,8.376291670927428,-2.022727272727273
1226412,13.399575410815473,-0.09433962264150944
122642,12.435176454131168,-0.8857142857142857
122643,10.917316743506566,-1.6341463414634145
122644,14.838054187210293,-0.6842105263157895
122645,11.119978037956095,-1.3673469387755102
122646,12.248323500439911,0.9166666666666666
122647,8.017692399022467,-2.238095238095238
122648,13.646780239951758,1.7619047619047619
122649,8.91072777716369,-3.588235294117647
1226510,19.091883092036785,-4.5
122652,,-3.0
122653,,3.0
122657,,-14.0
122658,,-7.0
122659,,23.0
122661,12.056960111946696,0.4222222222222222
1226610,11.034280913449093,-0.056818181818181816
1226611,8.943295298438535,-1.6210526315789473
1226612,11.385208922814822,-2.0232558139534884
122662,8.444520174842303,0.058823529411764705
122663,8.886678266686326,-1.058139534883721
122664,10.517736677162372,-1.6
122665,11.73481925323023,0.6153846153846154
122666,12.853397729277894,1.8823529411764706
122667,11.399129689077958,1.1630434782608696
122668,11.251879297012737,-0.012195121951219513
122669,10.616231655950036,-0.35064935064935066
122781,6.244997998398397,-7.5
1227810,31.499206339207976,17.2
1227811,2.16794833886788,-5.5
1227812,7.393691004272945,-2.6666666666666665
122782,,-10.0
122783,4.1952353926806065,-3.0
122784,13.352902306240393,-1.4
122785,1.632993161855452,-4.666666666666667
122786,9.055385138137417,-4.0
122787,19.39931270260195,10.5
122788,4.031128874149275,-7.25
122789,4.46147530585589,-7.285714285714286
122801,,-5.0
1228010,5.131601439446884,-7.666666666666667
1228011,25.006665778014735,12.333333333333334
1228012,3.0550504633038935,-5.333333333333333
122802,7.0710678118654755,0.0
122803,,-21.0
122804,,-8.0
122805,,-3.0
122806,,1.0
122807,5.909032633745278,-3.25
122808,19.79898987322333,2.0
122809,,-11.0
123231,3.2041639575194445,-4.666666666666667
1232310,22.306576010973384,6.75
1232311,12.727922061357855,3.0
1232312,8.05708797684788,1.25
123232,4.123105625617661,-6.0
123233,6.123724356957945,-6.0
123234,4.347960660443228,-4.285714285714286
123235,10.04572877727976,-1.75
123236,17.6578594399208,4.6
123237,11.245245909074445,2.7
123238,3.7859388972001824,-6.333333333333333
123239,0.7071067811865476,-6.5
1233511,0.0,-9.0
123353,,-1.0
123354,,-5.0
123357,,-11.0
123358,,34.0
123391,5.5437652667959645,-1.6666666666666667
1233910,11.285661427056628,-1.6153846153846154
1233911,6.972641168719703,-0.8928571428571429
1233912,8.278046292463463,-0.05714285714285714
123392,3.719318934070233,-5.0
123393,14.487131673557196,1.8928571428571428
123394,4.602135773709168,-4.318181818181818
123395,11.321583507594227,-1.0588235294117647
123396,15.04720241950625,3.7777777777777777
123397,6.086323466045272,-2.72
123398,13.276203363822646,0.8484848484848485
123399,7.749999999999999,-3.0625
123431,,-17.0
123439,,-12.0
1236511,,-11.0
123655,,0.0
123656,1.4142135623730951,-7.0
123657,,23.0
123891,,19.0
123897,7.0710678118654755,-5.0
123898,,-13.0
123899,0.0,-2.0
123911,2.0816659994661326,-2.6666666666666665
1239110,9.148770409186143,-6.8
1239111,4.041451884327381,-2.6666666666666665
1239112,4.242640687119285,-3.0
123912,12.727922061357855,-10.0
123913,6.244997998398398,0.0
123914,,-1.0
123915,4.949747468305833,-4.5
123916,,-5.0
123917,14.142135623730951,15.0
123918,,-3.0
123919,0.0,-1.0
1239712,,-2.0
123973,,-6.0
123975,12.020815280171307,-1.5
123976,,-10.0
123978,46.66904755831214,28.0
124021,13.094528119281987,2.3333333333333335
1240210,2.8771127502720115,-5.444444444444445
1240211,11.908380402452881,2.857142857142857
1240212,,-4.0
124022,12.020815280171307,-1.5
124023,5.656854249492381,-3.0
124024,1.1401754250991378,-7.4
124025,1.1547005383792517,-6.666666666666667
124026,3.214550253664318,-6.333333333333333
124027,2.8284271247461903,-6.0
124028,4.0,-4.0
124029,,-5.0
124411,2.3094010767585034,8.333333333333334
1244110,,-7.0
1244112,,-3.0
124413,,-6.0
124415,,-3.0
124416,,-3.0
124417,,-18.0
124418,2.943920288775949,-7.0
124419,3.2145502536643185,-7.666666666666667
124481,4.031128874149275,-3.75
1244810,4.949747468305833,-11.5
1244811,3.9707262140150976,-3.8333333333333335
1244812,13.650396819628845,-2.6666666666666665
124482,4.949747468305833,-11.5
124483,6.557438524302,-6.0
124484,2.8284271247461903,-17.0
124485,0.816496580927726,-7.0
124486,16.10279478848315,5.4
124488,23.37733945512192,10.0
124489,7.956129712366434,-0.4
124511,9.778030993502224,0.07142857142857142
1245110,4.5573271518765,-6.0
1245111,6.777602631897022,-2.5384615384615383
1245112,7.23094390156654,-1.2105263157894737
124512,6.670832032063167,-1.0
124513,6.401975797958554,-0.11764705882352941
124514,7.794639841353176,-2.6153846153846154
124515,10.81030237147127,-1.6428571428571428
124516,11.214287044575267,-0.2631578947368421
124517,9.561285573508503,-0.2727272727272727
124518,13.555902773330885,7.1875
124519,6.278390065787711,-4.2727272727272725
124781,13.032541503756589,-0.3090909090909091
1247810,10.864926811322045,-1.7846153846153847
1247811,7.041290926219165,-2.847457627118644
1247812,9.621135234170257,-0.1724137931034483
124782,11.582138300064024,-0.6730769230769231
124783,8.732416735407003,-0.9
124784,11.307819861018775,-1.2127659574468086
124785,11.649952490668184,1.2835820895522387
124786,15.273982884188502,3.870967741935484
124787,14.700166732414441,3.4901960784313726
124788,10.002612140693815,-0.20754716981132076
124789,12.207205782482452,-0.5
124921,,-7.0
1249211,,12.0
124922,33.94112549695428,24.0
124924,,0.0
124925,,-10.0
124926,,-5.0
124928,,-5.0
125112,,-5.0
125114,,-21.0
125116,1.4142135623730951,-6.0
125117,,-12.0
125119,,-2.0
1251912,,-5.0
125193,,-15.0
125195,,-24.0
125199,,-20.0
125231,,-11.0
1252310,7.7781745930520225,-8.5
125232,,20.0
125233,3.5355339059327378,-11.5
125234,4.949747468305833,-7.5
125235,7.0710678118654755,-2.0
125237,,2.0
125238,6.429100507328636,-6.666666666666667
125239,,-7.0
125441,,17.0
1254410,,-8.0
1254411,,34.0
1254412,,-5.0
125442,,-11.0
125447,,-6.0
127581,10.305068871407142,-2.7777777777777777
1275810,20.647840887931437,16.666666666666668
1275811,15.751190431202335,-3.9
1275812,10.553567064162609,-4.4
127582,8.717797887081348,-3.0
127583,8.708668617584959,-2.25
127584,4.88535225614967,-1.6666666666666667
127585,13.32603967176045,-4.25
127586,9.549578233851191,-2.7777777777777777
127587,6.099180272790763,-4.2
127588,4.685675570881488,-7.2
127589,0.9574271077563381,-9.75
1281911,5.656854249492381,-8.0
1281912,,-7.0
128195,,-14.0
128196,1.4142135623730951,-4.0
128197,5.656854249492381,-7.0
128199,,-16.0
128841,17.0,16.0
1288410,13.051181300301261,1.3333333333333333
1288411,,-11.0
128842,,-2.0
128843,5.291502622129181,-4.0
128845,1.9663841605003503,-6.333333333333333
128846,17.224981857755324,9.8
128847,7.854934754662192,-0.8
128848,24.94660965609021,21.666666666666668
128849,7.7781745930520225,-11.5
1288810,,-4.0
1288811,,-11.0
128882,4.949747468305833,-10.5
128884,,-12.0
128885,,-8.0
128887,,-5.0
128888,,-13.0
128891,13.892646041524548,3.1842105263157894
1288910,12.9159311160963,2.8
1288911,11.370382689422216,2.3055555555555554
1288912,12.867417088724965,1.4166666666666667
128892,14.133930719377302,4.672413793103448
128893,14.762946396724598,5.179775280898877
128894,12.842940411800276,2.28125
128895,13.420243099238213,3.918918918918919
128896,11.230055236022508,1.7126436781609196
128897,13.806209463610438,6.160493827160494
128898,10.201096717778578,1.7183098591549295
128899,11.778644479795187,0.30337078651685395
1289111,,12.0
1289112,,-3.0
128912,11.313708498984761,8.0
128919,43.1335136523794,16.5
128921,15.503968753449255,2.246153846153846
1289210,11.563723364414725,0.7394957983193278
1289211,10.512848054966081,0.711340206185567
1289212,11.092319679128588,2.727272727272727
128922,10.751459929683575,2.064814814814815
128923,9.753859634922875,-0.44
128924,12.088839719617031,2.017391304347826
128925,12.731665060597829,2.894308943089431
128926,11.268529297602841,1.141732283464567
128927,10.88992525355303,0.3958333333333333
128928,13.739113503985234,2.2777777777777777
128929,10.376126829220613,-0.11764705882352941
128961,12.342339054382412,-2.3333333333333335
1289610,4.702245326555294,-6.111111111111111
1289611,3.5118845842842465,-6.666666666666667
1289612,5.033222956847166,-1.3333333333333333
128962,4.949747468305833,-5.5
128963,4.59813626840888,-4.857142857142857
128964,,-5.0
128965,9.192388155425117,3.5
128966,11.239810200058244,-0.3333333333333333
128967,5.656854249492381,16.0
128968,4.949747468305833,-9.5
128969,5.656854249492381,1.0
1289812,,-20.0
128988,,-10.0
128991,,-13.0
128992,,-3.0
128999,,-8.0
1290212,,-22.0
129151,5.656854249492381,-6.0
129155,,-3.0
129156,,-8.0
129157,25.423086620891127,5.666666666666667
129158,,25.0
129159,,-6.0
1291711,,4.0
129176,16.263455967290593,0.5
129178,4.242640687119285,-6.0
129451,2.0816659994661326,-5.5
1294510,8.770580193070291,-2.6153846153846154
1294511,4.049691346263317,-5.2
1294512,13.472605951007068,0.8
129452,7.422937423958254,-2.5
129453,5.089204259999788,-7.5
129454,17.591320173726174,-2.3636363636363638
129455,2.8284271247461903,-8.0
129456,22.73103605205887,7.8
129457,2.804757862395017,-7.333333333333333
129458,16.714265364252977,-2.1666666666666665
129459,7.791020472312982,-3.2
129511,17.795130420052185,-3.0
1295110,11.313708498984761,-11.0
1295111,13.051181300301261,4.333333333333333
1295112,9.192388155425117,-2.5
129512,,2.0
129513,10.692676621563626,-1.6666666666666667
129514,12.257650672131264,-0.25
129515,4.58257569495584,-8.0
129516,6.2048368229954285,-3.0
129517,5.033222956847166,-7.666666666666667
129518,17.82414093301554,1.8
129519,,-19.0
129531,12.488276620228842,1.3513513513513513
1295310,14.081112869644851,1.0425531914893618
1295311,16.651853223717044,1.9615384615384615
1295312,11.356191694495605,0.8493150684931506
129532,9.637454348311564,-1.8026315789473684
129533,14.041561957637677,0.08536585365853659
129534,10.937875347484862,-0.22666666666666666
129535,12.970955663885112,1.3255813953488371
129536,14.000512635863933,2.4545454545454546
129537,10.763124804924194,0.22784810126582278
129538,16.553712072977138,5.32258064516129
129539,11.421564382189857,-2.265625
129541,11.84444633956814,-1.9090909090909092
1295410,9.837973078114938,-2.75
1295411,4.08248290463863,-4.0
1295412,6.104853050584491,-0.5384615384615384
129542,6.410219114110617,-3.090909090909091
129543,3.5355339059327378,-6.333333333333333
129544,6.334429729659964,-1.875
129545,4.079341324408346,-4.153846153846154
129546,13.428824718989125,1.0
129547,12.187881048174225,0.1
129548,6.95221787153807,-4.0
129549,3.4351128074635335,-4.4
129821,6.047431568147635,-4.714285714285714
1298210,2.3094010767585034,-6.333333333333333
1298211,24.715524328994984,3.0
1298212,3.502380143083653,-4.666666666666667
129822,9.1641771511218,1.625
129823,13.360048992833413,1.9090909090909092
129824,7.782764841072135,-6.714285714285714
129825,10.688779163215974,0.3333333333333333
129826,5.436319658424385,-3.125
129827,4.9564772436345015,-5.833333333333333
129828,6.778233135887585,-5.222222222222222
129829,2.138089935299395,-6.285714285714286
129921,16.2694328249157,-0.7777777777777778
1299210,6.9624845045565795,-3.857142857142857
1299211,10.295630140987,2.0
1299212,1.3038404810405297,-6.8
129922,8.34865258589672,6.2
129923,12.42797431018207,-2.3636363636363638
129924,3.777124126457412,0.6666666666666666
129925,7.189884870040997,-3.2222222222222223
129926,18.733723093725416,1.5714285714285714
129927,15.62049935181331,2.0
129928,8.416607731995457,0.375
129929,3.1013193673309134,-3.727272727272727
1302910,11.313708498984761,-11.0
1302911,,-9.0
1302912,2.8284271247461903,-6.0
130293,,-9.0
130294,7.7781745930520225,-3.5
130295,,-3.0
130297,3.386246693120078,-7.333333333333333
130298,,12.0
130299,5.656854249492381,-8.0
130341,,0.0
1303411,28.284271247461902,9.0
1303412,5.656854249492381,-6.0
130347,,-5.0
130349,,-23.0
1306111,,-11.0
1306112,,-14.0
130612,,-12.0
130614,,-10.0
130616,4.242640687119285,-9.0
130617,1.4142135623730951,-7.0
130618,0.5773502691896258,-10.666666666666666
130619,4.041451884327381,-10.666666666666666
130761,,-14.0
1307612,,-6.0
130764,3.415650255319866,-4.5
130765,,-9.0
130767,,8.0
130769,2.516611478423583,-5.666666666666667
1312111,,-11.0
131212,,-17.0
131218,,-6.0
131219,,-4.0
1312710,2.8284271247461903,-3.0
131275,0.7071067811865476,-2.5
131277,,-2.0
1313910,,21.0
1313911,2.8284271247461903,-5.0
131392,,-3.0
131393,,-7.0
131395,,-8.0
131397,11.313708498984761,-1.0
131398,,-4.0
131399,,-6.0
131581,5.639148871948674,-3.6
1315810,7.7781745930520225,-3.5
1315811,,-11.0
1315812,8.87130204648675,-0.5
131582,4.358898943540674,-5.0
131583,0.9574271077563381,-8.25
131584,19.722237871668284,4.833333333333333
131585,2.8722813232690143,-6.75
131586,12.971121771072847,5.75
131587,3.5355339059327378,-7.5
131588,5.115336417740935,-5.833333333333333
131589,21.608254595562933,2.75
131841,,52.0
1318410,0.0,-11.0
1318412,,-4.0
131842,4.949747468305833,-6.5
131844,14.571661996262929,3.6666666666666665
131845,2.1213203435596424,-1.5
131846,,-5.0
131847,,-1.0
131848,,-3.0
131849,5.507570547286102,-5.333333333333333
131981,9.95781616454122,-1.391304347826087
1319810,12.946654896762832,0.6111111111111112
1319811,9.311377684637483,1.4210526315789473
1319812,8.01618732685678,-1.5185185185185186
131982,12.26319554244654,3.9473684210526314
131983,8.545504141104903,-1.2222222222222223
131984,9.418367436094767,-0.9375
131985,12.564728958202934,1.3
131986,12.417915098140082,3.730769230769231
131987,7.031776976404148,-1.7272727272727273
131988,7.1446309655563685,-1.8888888888888888
131989,6.54217089351845,-0.8
132041,13.172520660315856,2.4262295081967213
1320410,7.757653034013742,-2.694915254237288
1320411,12.005809404594906,0.68
1320412,12.309880221166528,3.5974025974025974
132042,13.084920768394111,3.3484848484848486
132043,10.501213961859598,1.4246575342465753
132044,10.655458592393272,1.3770491803278688
132045,9.591866077012227,0.7088607594936709
132046,9.21473622174632,-0.125
132047,16.06052435806302,5.211267605633803
132048,8.89161483555849,0.6129032258064516
132049,10.208822483380498,-2.183333333333333
132301,18.230011885167087,5.333333333333333
1323010,3.593976442141304,-6.25
1323011,19.891092367076162,2.9
1323012,9.17605579756357,-0.8
132302,6.363961030678928,-5.5
132303,20.104725812604357,1.2
132304,1.9148542155126764,-3.5
132305,3.532165125838609,-6.142857142857143
132306,6.870225614927067,-6.8
132307,4.0,-5.0
132308,2.6457513110645907,-4.0
132309,18.025114754274433,-1.2857142857142858
132321,15.627921575600167,9.942857142857143
1323210,12.29354762187519,4.222222222222222
1323211,14.336642333537464,6.27906976744186
1323212,13.407041749502625,9.03448275862069
132322,15.769740932052098,9.448275862068966
132323,10.926590242685538,4.9411764705882355
132324,10.427370387182444,4.6875
132325,15.826421903010825,9.228571428571428
132326,12.540600729895944,9.666666666666666
132327,19.487303193489492,9.703703703703704
132328,14.467239201071159,6.488888888888889
132329,12.410789076154737,5.1395348837209305
132411,,-8.0
1324111,,-5.0
132413,,-10.0
132415,,-3.0
132417,,35.0
132418,,-2.0
132441,11.88603288645029,-2.4444444444444446
1324410,19.98639647250209,4.071428571428571
1324411,10.873605387250683,-0.8823529411764706
1324412,6.225464661887517,-1.6153846153846154
132442,10.17185659880568,-0.6666666666666666
132443,14.789982749942263,1.9230769230769231
132444,3.2148351178816053,-4.214285714285714
132445,15.935983043275227,2.2
132446,16.137458982676996,4.571428571428571
132447,8.558995867297183,-2.6153846153846154
132448,13.962250694083833,3.7777777777777777
132449,3.03315017762062,-7.0
132561,,-1.0
1325610,17.67766952966369,-2.5
1325611,1.4142135623730951,-9.0
1325612,5.1478150704935,-9.0
132562,4.58257569495584,-8.0
132563,,-2.0
132564,0.0,-4.0
132565,12.220201853215574,-2.6666666666666665
132566,,22.0
132567,4.509249752822894,-4.333333333333333
132568,4.949747468305833,-9.5
132569,18.256505689753446,14.4
132641,15.188811671753653,6.8
1326410,4.949747468305833,-9.5
1326411,,1.0
1326412,14.377065069060514,0.2
132642,5.770615218501403,-8.6
132643,5.656854249492381,-6.0
132644,10.977249200050075,-5.25
132645,,1.0
132646,3.696845502136472,-7.5
132647,4.61519230368573,-5.6
132648,3.5777087639996634,-6.6
132649,2.0976176963403033,-5.0
132771,15.556349186104045,6.0
1327710,,20.0
1327711,,-7.0
1327712,,-10.0
132772,3.5355339059327378,-2.5
132773,,-4.0
132774,3.5355339059327378,-3.5
132775,6.363961030678928,-4.5
132776,,-13.0
132777,,-10.0
132778,,7.0
132901,,29.0
1329012,,-6.0
132903,,-2.0
132904,,-11.0
132906,,-5.0
132907,16.0,11.0
132909,3.605551275463989,-6.0
132961,4.58257569495584,-8.0
1329610,11.882760622010357,-1.2
1329611,11.6518954109049,-1.1666666666666667
1329612,9.865765724632494,5.333333333333333
132962,25.890796305508516,9.666666666666666
132963,6.2182527020592095,-2.3333333333333335
132964,6.284902544988268,-5.0
132965,4.535048695071164,-5.833333333333333
132966,5.716448003592596,-4.3
132967,1.2909944487358056,-6.5
132968,5.540435774506242,-6.875
132969,16.69331203406522,2.0
133031,10.724245740081548,1.1282051282051282
1330310,6.376841111718449,-1.45
1330311,4.710136223529716,-2.235294117647059
1330312,8.960085783903073,1.392156862745098
133032,10.444410672015644,-0.6666666666666666
133033,8.542939668628017,-1.1333333333333333
133034,9.745320126492311,-1.1666666666666667
133035,11.950062205317739,1.6511627906976745
133036,11.787732555165231,2.9761904761904763
133037,13.53040839071431,3.682926829268293
133038,11.535633829631367,3.0476190476190474
133039,11.791037758762858,-1.9714285714285715
133421,15.059196916326776,1.1764705882352942
1334210,9.614973344648472,-0.7222222222222222
1334211,16.67878347427708,3.0
1334212,12.052464675820659,0.47619047619047616
133422,6.5293499727916,-2.217391304347826
133423,9.15969431804359,0.0
133424,8.858693429358661,0.7083333333333334
133425,8.650350942509295,-1.6
133426,16.391926003226043,3.533333333333333
133427,14.004708784257819,3.857142857142857
133428,7.332442013569077,-2.5294117647058822
133429,10.441703245479957,-2.6875
133441,6.363961030678928,-15.5
1334411,,0.0
133442,,-13.0
1334710,,-7.0
133472,,10.0
133475,,-9.0
133479,,-9.0
133601,,-6.0
1336011,,-7.0
1336012,2.8284271247461903,-3.0
133602,6.363961030678928,-7.5
133603,,-2.0
133604,,-2.0
133605,1.4142135623730951,-7.0
133606,2.0816659994661326,-2.3333333333333335
133607,,-7.0
133609,,-5.0
1336711,4.636809247747852,-5.0
1336712,23.75570107012911,5.666666666666667
133672,0.0,-6.0
133673,,-7.0
133674,9.865765724632494,0.6666666666666666
133675,5.859465277082315,-5.333333333333333
133676,,-6.0
133677,3.5355339059327378,-9.5
133678,32.34707611722168,13.666666666666666
133679,16.740669042783207,2.25
133771,1.4142135623730951,-14.0
1337710,1.4142135623730951,-5.0
1337712,6.0553007081949835,-9.0
133773,,-5.0
133774,9.1104335791443,1.5
133775,19.091883092036785,12.5
133776,,44.0
133777,4.391550328268399,-0.5714285714285714
133778,20.8246648632497,14.5
133779,,-5.0
133882,,38.0
134221,9.345230512584124,6.0
1342210,2.8284271247461903,-8.0
1342211,3.5637059362410923,-7.8
1342212,6.928203230275509,-2.0
134222,6.942621983083913,-2.8
134223,3.391164991562634,-3.5
134224,13.961255912942311,6.75
134225,2.0816659994661326,-9.333333333333334
134226,6.6583281184793925,-0.3333333333333333
134227,,-6.0
134228,24.041630560342615,4.0
134229,1.5275252316519465,-6.333333333333333
134331,3.785938897200183,-2.6666666666666665
1343310,4.242640687119285,-6.0
1343312,,-4.0
134332,,-3.0
134335,,-3.0
134336,,1.0
134337,2.081665999466133,-6.333333333333333
134338,22.53219918250325,-1.2
134339,1.4142135623730951,-1.0
1345911,5.656854249492381,-5.0
134594,4.242640687119285,-2.0
134595,,-6.0
134596,,-10.0
134597,,35.0
134598,,-5.0
134761,11.672617529928754,1.25
1347610,6.363961030678928,-5.5
1347611,20.506096654409877,-0.5
1347612,2.8284271247461903,-2.0
134762,2.886751345948129,-6.333333333333333
134763,3.605551275463989,-6.0
134764,41.71930009000631,17.5
134765,7.7781745930520225,-9.5
134766,4.949747468305833,-0.5
134767,,52.0
134768,5.477225575051661,-8.0
134851,16.796163583125495,-0.1111111111111111
1348510,3.204564052914338,-6.538461538461538
1348511,17.68238294649979,1.0
1348512,1.4142135623730951,-5.0
134852,4.47213595499958,-5.0
134853,16.127960537870592,0.1111111111111111
134854,11.224972160321823,-4.666666666666667
134855,6.968761465542952,-4.181818181818182
134856,13.589211407093005,6.0
134857,3.9370039370059056,-11.5
134858,8.8730360773959,-1.6923076923076923
134859,3.1500915737605033,-6.384615384615385
134861,,-9.0
1348610,8.757853618324527,2.8
1348611,11.532562594670797,7.0
1348612,3.785938897200183,-0.3333333333333333
134862,3.559026084010437,-7.0
134863,4.9916597106239795,-4.75
134864,5.744562646538029,-4.5
134865,,-10.0
134866,9.16515138991168,-5.0
134867,,-2.0
134868,,1.0
134869,2.6457513110645903,-2.5
134871,6.206097763673174,-2.138888888888889
1348710,9.501490555950161,-0.4875
1348711,11.742246819087068,1.8933333333333333
1348712,10.40743915129577,0.6716417910447762
134872,10.749532967361578,1.540983606557377
134873,9.531287352529628,-0.6447368421052632
134874,9.022772220810516,-1.146341463414634
134875,11.111368600283807,0.6455696202531646
134876,10.730445290869845,0.631578947368421
134877,12.548214530140726,2.6547619047619047
134878,11.791911834387612,1.632183908045977
134879,9.96725830056068,-0.08139534883720931
134951,8.647414514048565,-2.0
1349510,12.021843917752205,0.5161290322580645
1349511,10.181355508968343,3.08
1349512,12.42091867694257,0.7727272727272727
134952,8.388195477087033,-2.1481481481481484
134953,12.352057858241004,0.64
134954,14.728802103640325,2.176470588235294
134955,12.696117432091683,4.483870967741935
134956,7.916843518115194,0.96875
134957,11.32121426672591,3.3548387096774195
134958,14.928871763171257,2.0606060606060606
134959,9.552076488500564,0.37037037037037035
135021,,-21.0
1350210,21.213203435596427,8.0
1350211,3.7859388972001824,-7.333333333333333
1350212,,-2.0
135022,,47.0
135023,26.053790511171304,-3.4
135024,,-10.0
135026,,-6.0
135027,3.5355339059327378,-6.5
135417,5.656854249492381,-6.0
135418,13.435028842544403,-7.5
135771,6.557438524302,-5.5
1357710,9.50263121456368,-4.4
1357711,,-9.0
1357712,30.869348335633305,9.75
135772,3.214550253664318,-10.666666666666666
135773,6.22781777878209,-5.25
135774,7.536577472566709,0.4
135775,7.559289460184544,-6.0
135776,16.52217125129572,2.125
135777,18.02329841383884,2.375
135778,11.863810517704673,0.6666666666666666
135779,12.741009902410928,-4.666666666666667
137951,,-8.0
1379510,,-9.0
1379511,37.476659402887016,19.5
1379512,31.11269837220809,19.0
137952,14.177446878757825,4.0
137953,,-5.0
137955,18.384776310850235,11.0
137956,10.606601717798213,4.5
137958,0.0,-8.0
137959,3.5118845842842465,-4.666666666666667
137961,16.23928217977278,3.0
1379610,9.65812672130087,3.176470588235294
1379611,11.991790120871457,0.7727272727272727
1379612,13.528344021129229,3.8666666666666667
137962,11.316004067335255,2.6363636363636362
137963,18.607562422583587,11.206896551724139
137964,13.743988984337154,2.4782608695652173
137965,13.74921582027552,5.526315789473684
137966,14.70351241407727,4.571428571428571
137967,6.599704354058265,1.4878048780487805
137968,10.692301526937921,2.911764705882353
137969,10.352395927961572,1.7083333333333333
138294,,13.0
138298,,-7.0
138301,4.032035458861996,-6.578947368421052
1383010,15.517979646451801,1.8461538461538463
1383011,7.880355321938218,-1.9
1383012,9.348796714016196,-1.0
138302,9.66091783079296,0.0
138303,12.53616989177937,3.4
138304,11.172670738394263,-2.142857142857143
138305,6.150338744058467,-3.08
138306,6.352352395166766,-0.26666666666666666
138307,6.729466121893644,-5.571428571428571
138308,6.432993021097269,-4.260869565217392
138309,4.137347829083691,-3.3529411764705883
1383212,,-10.0
138323,,-17.0
138328,,-16.0
138511,7.733661733585444,-0.8571428571428571
1385110,14.371131192940448,1.8235294117647058
1385111,13.378882819372683,-0.07142857142857142
1385112,14.168886792588063,1.588235294117647
138512,1.7677669529663689,-7.375
138513,15.449624885119674,2.090909090909091
138514,7.715424666068471,-0.5555555555555556
138515,22.2578236646289,3.625
138516,22.99171693499743,16.571428571428573
138517,10.307984548617904,-0.6363636363636364
138518,5.66251733455206,-1.3076923076923077
138519,9.998571326516032,-3.4
138711,7.741827783921406,-4.461538461538462
1387110,5.302432411043465,-2.7
1387111,7.27880157587445,-1.1333333333333333
1387112,7.88986691902975,-3.25
138712,4.20883424647321,-4.5
138713,6.81304501802112,-1.4285714285714286
138714,6.253822360576534,-3.1176470588235294
138715,21.856141221425823,11.090909090909092
138716,8.500891218875319,-2.9166666666666665
138717,14.671644177021975,-1.4
138718,11.123930513328439,-1.2777777777777777
138719,9.25456961849277,-3.3333333333333335
138731,,-2.0
1387310,,0.0
1387311,,-11.0
138911,11.523268385562938,-3.25
1389110,5.70087712549569,-2.0
1389111,5.029458673202768,-1.25
1389112,4.702245326555294,-5.111111111111111
138912,5.1403382109620885,1.3846153846153846
138913,15.9516314355161,6.636363636363637
138914,6.792044473637384,-1.1428571428571428
138915,15.901607186417074,2.888888888888889
138916,17.817254150248445,9.0
138917,3.265986323710904,-3.3333333333333335
138918,10.287532908007309,0.5
138919,16.949121725703883,5.454545454545454
139301,10.952855365173342,1.0666666666666667
1393010,9.146274653572243,-1.4136125654450262
1393011,10.447441993401819,-0.4838709677419355
1393012,11.668770931583303,1.1344086021505377
139302,13.236525602354513,2.4044117647058822
139303,12.014649973331336,0.9938650306748467
139304,10.823728820977642,-1.2298136645962734
139305,9.696550442388578,-0.5027027027027027
139306,12.36021216324772,1.2732919254658386
139307,13.298419279123557,3.3278688524590163
139308,11.426907600538033,1.6022099447513811
139309,10.321061052151371,-1.3354037267080745
139311,7.502380574571933,0.5
1393110,4.6507167906320275,-5.1875
1393111,12.671490309614992,-0.8333333333333334
1393112,7.35041301074786,-3.2
139312,3.4302575219167832,-7.166666666666667
139313,7.32137719985551,0.5384615384615384
139314,17.34486795696192,1.2
139315,10.153599767338386,-0.29411764705882354
139316,11.6128008188009,0.0
139317,9.711214769929265,-0.15384615384615385
139318,13.255030491603303,1.3125
139319,5.3412930798361815,-4.823529411764706
1393310,5.196152422706632,-4.0
1393312,4.949747468305833,-3.5
139332,7.234178138070234,-1.3333333333333333
139334,,12.0
139337,,-8.0
139339,,52.0
139643,,38.0
1397012,,-10.0
139705,,-11.0
139707,,-3.0
139708,7.7781745930520225,-14.5
139709,,-13.0
1400410,1.5275252316519465,-3.3333333333333335
1400411,26.888659319497503,24.0
1400412,,48.0
140044,3.403429642777023,-6.25
140045,1.4142135623730951,-4.0
140046,9.215023964519391,-0.75
140047,0.7071067811865476,-2.5
140048,3.5355339059327378,-11.5
140049,2.516611478423583,-5.333333333333333
140061,,-10.0
140065,,-10.0
140251,,18.0
1402512,0.5773502691896258,-4.333333333333333
140252,,-12.0
140259,,-11.0
140271,19.847513938118535,0.7333333333333333
1402710,8.831760866327848,-2.0
1402711,3.1997023671109224,-4.666666666666667
1402712,17.207072189461325,1.0833333333333333
140272,14.355602855099237,-1.5833333333333333
140273,22.906043158669135,8.071428571428571
140274,18.206579364717104,5.578947368421052
140275,20.563089732349546,3.9285714285714284
140276,5.70087712549569,-1.25
140277,17.193344965745066,-0.1111111111111111
140278,9.665308159504374,-1.7272727272727273
140279,15.658863304850707,2.2
140571,8.179965033971065,-2.6129032258064515
1405710,8.432351505976337,-3.763157894736842
1405711,8.601641430222353,-0.2
1405712,6.751218213657522,0.0
140572,10.804647335309193,-0.37777777777777777
140573,14.35398934650753,0.03773584905660377
140574,12.808424927715343,-1.4285714285714286
140575,7.781757457600427,-4.071428571428571
140576,8.580629175053422,-0.3617021276595745
140577,12.391678700481433,0.8490566037735849
140578,10.705327664487454,-1.8222222222222222
140579,10.267672017184921,-2.3541666666666665
140821,9.192388155425117,0.5
1408210,2.9860788111948193,-10.75
1408211,6.8068592855540455,-10.5
1408212,7.0710678118654755,-9.0
140822,8.301606270274847,-1.75
140823,8.32666399786453,-9.333333333333334
140825,,-6.0
140827,3.3166247903554,-7.5
140829,,-5.0
1409210,,-8.0
140924,,-11.0
140928,23.33452377915607,21.5
140981,4.949747468305833,-6.5
1409812,3.9370039370059056,-4.5
140983,0.7071067811865476,-9.5
140984,,-9.0
140985,,9.0
140986,2.8284271247461903,-4.0
140987,42.42640687119285,21.0
140989,,0.0
141001,14.504577496831196,0.9166666666666666
1410010,11.814948040464655,-0.7529411764705882
1410011,9.182023584676587,-1.4242424242424243
1410012,13.321064483672329,0.8783783783783784
141002,9.833461735165788,-1.0
141003,11.727716924546526,0.16393442622950818
141004,10.552677679678279,0.05714285714285714
141005,13.381889065261115,1.7066666666666668
141006,10.790444115536964,0.42105263157894735
141007,13.808758748773121,2.3636363636363638
141008,15.221695043588278,3.2222222222222223
141009,11.357734661716778,-2.0428571428571427
141071,10.953746949332636,1.1612903225806452
1410710,11.02522360569415,1.0
1410711,11.045117798963597,0.7604166666666666
1410712,10.085734879862533,1.9545454545454546
141072,13.404034091964352,4.0588235294117645
141073,12.19085223712287,1.6538461538461537
141074,7.4307749171047455,-0.46511627906976744
141075,13.341015176438805,4.2317073170731705
141076,14.727519133235571,4.546666666666667
141077,11.40702362885913,1.3132530120481927
141078,12.908416447801544,3.075
141079,10.321561272057938,-1.2191780821917808
141081,,28.0
1410810,,-10.0
1410812,1.5275252316519465,-4.666666666666667
141082,2.1213203435596424,-1.5
141083,1.1547005383792517,-7.666666666666667
141084,7.88986691902975,-5.25
141085,0.7071067811865476,-8.5
141086,2.0,-8.0
141087,2.6832815729997477,-3.2
141088,4.242640687119285,-7.0
141089,9.12512230837796,-6.125
141099,4.242640687119285,-12.0
141121,,-10.0
1411210,1.4142135623730951,-13.0
1411211,3.9157800414902435,-9.0
1411212,2.3094010767585034,-6.666666666666667
141122,3.7859388972001824,-9.666666666666666
141123,9.16515138991168,-2.0
141124,2.6457513110645907,-6.5
141125,27.730849247724095,9.0
141126,5.188127472091127,-8.75
141127,3.2071349029490928,-5.428571428571429
141128,4.112987559751022,-6.25
141129,9.899494936611665,-12.0
141131,24.826061575153908,4.333333333333333
1411312,,-14.0
141135,,-11.0
141138,,-6.0
1412011,2.8284271247461903,-12.0
141207,,-8.0
141221,11.96025162977849,-3.619047619047619
1412210,20.865994006573302,3.4705882352941178
1412211,7.267080398367689,-0.8888888888888888
1412212,11.263317399442302,0.9166666666666666
141222,5.2649119884015185,-4.052631578947368
141223,7.888426505157586,-3.6818181818181817
141224,11.740104997804627,-1.7777777777777777
141225,8.324584151697987,-2.1818181818181817
141226,15.053976957011136,1.8
141227,10.741457879585871,-1.9259259259259258
141228,12.521048944344347,4.12
141229,16.111027819208317,0.5
1415010,,-1.0
1415011,,-5.0
1415012,,-2.0
141503,,-5.0
141506,,-12.0
141508,4.242640687119285,-3.0
141931,17.18429515575195,14.4
1419310,8.080841540334768,-0.6
1419311,3.1622776601683795,-6.0
1419312,6.18465843842649,-3.25
141932,6.363961030678928,-8.5
141933,4.301162633521313,-4.0
141934,4.743416490252569,-6.0
141935,17.7426040929735,17.0
141936,8.931218655181759,-0.8333333333333334
141937,16.056151469141042,2.0
141938,12.864680330268607,0.5
141939,13.18481269166482,-3.125
142229,,3.0
142318,5.507570547286102,-6.333333333333333
142371,,-6.0
142376,,-9.0
142378,,-9.0
142521,2.516611478423583,-2.3333333333333335
1425210,0.0,-6.0
1425211,4.041451884327381,-5.333333333333333
1425212,15.17563837207516,0.4
142522,2.1213203435596424,-10.5
142523,11.195237082497776,-1.0
142524,7.767453465154029,-3.6666666666666665
142525,2.9664793948382653,-6.4
142526,20.50040650003474,6.333333333333333
142527,,-5.0
142528,4.949747468305833,-9.5
142529,8.660254037844387,-3.0
1425411,,-9.0
1425412,,-11.0
142542,,-9.0
142544,,-11.0
142547,,-10.0
142549,5.656854249492381,-9.0
142561,,-27.0
142567,,-12.0
142568,,-16.0
142595,,-1.0
142621,10.44775361288519,-6.4
1426210,6.011892975000232,-4.857142857142857
1426211,12.13024555163073,-3.142857142857143
1426212,13.441230102437304,-4.0
142622,25.468000463700474,4.571428571428571
142623,15.5,3.3333333333333335
142624,6.575568054403759,-2.2857142857142856
142625,7.327649312326869,-4.777777777777778
142626,8.48528137423857,-4.0
142627,4.242640687119285,-13.0
142628,10.263202878893768,-9.333333333333334
142629,25.596874809241854,4.8
1428810,,-9.0
1428812,,-15.0
142882,,2.0
142883,,-11.0
142885,,-15.0
142889,,22.0
143032,,20.0
143034,3.3166247903554,0.5
143036,,30.0
143038,11.846237095944574,3.3333333333333335
143071,5.750362307426086,-5.666666666666667
1430710,6.369570517030844,-2.0
1430711,6.889605697474034,-6.333333333333333
1430712,6.132242298245855,-2.2857142857142856
143072,4.577377082170635,-7.428571428571429
143073,7.079901129253148,-0.875
143074,9.949322137161456,-1.2857142857142858
143075,9.013217807092827,-2.2857142857142856
143076,16.81137181262202,1.8
143077,9.273618495495704,8.0
143078,15.586871060304228,5.785714285714286
143079,13.377842377105011,1.1666666666666667
143143,,-5.0
143148,0.7071067811865476,-5.5
143149,,-9.0
143211,6.024948132556827,-6.4
1432110,5.677860093212515,-7.285714285714286
1432111,6.735065783725584,-7.111111111111111
1432112,16.050515493872698,4.571428571428571
143212,3.5355339059327378,-5.5
143213,23.0084525531138,4.5
143214,3.0166206257996713,-8.5
143215,32.04215972745907,12.8
143216,11.073788325536473,-0.5833333333333334
143217,15.463577277661924,3.7
143218,6.588680769753099,-2.375
143219,8.407007658957959,-4.7
144571,5.656854249492381,-6.0
1445710,11.104053313993049,-0.6
1445711,,-3.0
1445712,7.176350047203662,-5.0
144572,,-6.0
144574,4.242640687119285,-3.0
144575,12.727922061357855,-3.0
144576,,-6.0
144577,8.621678104251709,11.666666666666666
144578,0.0,-8.0
144579,29.866369046136157,18.0
1448710,,7.0
1448711,,-5.0
1448712,,-11.0
144872,,-9.0
144874,,-5.0
144876,,-10.0
144891,10.028293307770106,4.166666666666667
1448910,8.438009243891594,-1.8
1448911,,-3.0
1448912,13.316656236958785,0.6666666666666666
144892,1.4142135623730951,1.0
144893,10.183319694480774,-5.2
144894,6.58027355054484,-3.6
144895,26.870057685088806,23.0
144896,15.023315213360865,4.2
144897,2.9154759474226504,-7.0
144898,12.622730819174325,5.0
144899,0.7071067811865476,-5.5
144921,20.080037219508384,4.95
1449210,8.474002131296174,-0.06060606060606061
1449211,7.519287369138284,-2.5555555555555554
1449212,11.969007597004142,1.3333333333333333
144922,8.60292652692014,-2.7
144923,10.622509195708105,0.53125
144924,7.613390156652906,-1.8125
144925,11.164856604027914,1.0333333333333334
144926,13.058884094037769,2.2285714285714286
144927,14.15741616370842,5.0
144928,10.696406191478772,0.48148148148148145
144929,12.695423946201606,0.5925925925925926
145123,,-6.0
145124,,-7.0
145128,,-11.0
145201,,-5.0
1452012,,-20.0
145206,,-16.0
145241,5.1478150704935,-6.666666666666667
1452410,3.7337884876607883,-6.235294117647059
1452411,11.421013984737101,-0.14285714285714285
1452412,17.545315478443104,2.466666666666667
145242,13.923818702953845,-1.5454545454545454
145243,9.669539802906858,-2.3333333333333335
145244,8.159131606453506,-2.4285714285714284
145245,6.818741679755738,-6.066666666666666
145246,10.879291077959738,-1.7692307692307692
145247,15.364377714834484,1.6923076923076923
145248,10.747797519266518,0.6666666666666666
145249,13.714720822950135,-1.263157894736842
145432,,-6.0
145436,2.1213203435596424,-6.5
145439,,-7.0
145701,11.879955106536949,-0.25
1457010,14.870272357963051,-0.625
1457011,8.001420328462146,-0.75
1457012,19.096995525350003,4.133333333333334
145702,12.191071414039957,3.2
145703,10.270071030638443,0.8461538461538461
145704,11.079549190125482,1.3846153846153846
145705,9.787747442593725,-1.0
145706,3.125166662222459,-6.833333333333333
145707,13.864995320521938,3.2857142857142856
145708,16.60751407675224,5.142857142857143
145709,4.055486369964729,-3.9166666666666665
145741,4.193248541803041,-3.75
1457410,7.476948702830715,-6.714285714285714
1457411,8.082903768654761,-5.333333333333333
1457412,36.42801120017397,16.0
145742,3.214550253664318,-5.333333333333333
145743,5.131601439446884,2.6666666666666665
145744,28.827070610799147,21.0
145745,4.119061381755153,-8.833333333333334
145746,22.627416997969522,13.0
145747,19.80530232033836,6.75
145748,15.556349186104045,-11.0
145749,29.698484809834994,14.0
145761,3.5777087639996634,-9.0
1457610,7.899367063252599,-2.0
1457611,16.438920136009397,5.714285714285714
1457612,11.351768028049083,-1.6428571428571428
145762,15.329709716755893,-1.6666666666666667
145763,5.257647491307984,-3.75
145764,17.612901115781174,7.75
145765,7.5432088662584444,-1.7
145766,10.388638482679504,-1.2666666666666666
145767,4.509249752822894,-3.0
145768,10.573551910309043,0.4
145769,7.871698442117582,-4.818181818181818
1458811,2.1213203435596424,-10.5
1458812,,-12.0
145885,,-5.0
145886,,-10.0
145887,3.5355339059327378,-10.5
145889,,-12.0
146331,,-11.0
1463310,4.509249752822894,-3.3333333333333335
1463312,1.4142135623730951,-9.0
146332,,-3.0
146333,,-9.0
146335,2.3804761428476167,-6.5
146336,,10.0
146338,6.082762530298219,-5.0
146339,7.2571803523590805,-8.0
146351,19.114883935791706,5.954545454545454
1463510,5.5446052211878465,-6.352941176470588
1463511,9.997380609320576,-3.380952380952381
1463512,7.648256882017845,-2.3125
146352,6.099563784613872,-2.736842105263158
146353,6.397185053458054,-3.5789473684210527
146354,8.402652864625475,-2.388888888888889
146355,11.859781269682248,1.1764705882352942
146356,6.425643072011462,-4.8
146357,16.289055630494154,4.666666666666667
146358,17.07337107896387,3.6666666666666665
146359,8.138386408455506,-6.3
1467410,,-3.0
146742,,-13.0
146745,,-13.0
146746,12.909944487358056,-3.0
146747,,-11.0
146749,10.214368964029708,2.6666666666666665
146791,11.739551659698582,0.5
1467910,12.272540883625515,1.3035714285714286
1467911,12.42065728022182,1.0909090909090908
1467912,11.140321507255711,0.06521739130434782
146792,12.646763253209338,1.4871794871794872
146793,8.334621112618683,-0.8181818181818182
146794,13.011154597673588,4.255813953488372
146795,12.956413478185498,3.69811320754717
146796,11.991562074042301,1.048780487804878
146797,8.945346878083082,-0.4807692307692308
146798,12.710583092798007,1.8181818181818181
146799,8.56667056746837,-2.9298245614035086
146831,10.623845672170548,-1.4074074074074074
1468310,14.637730626525988,5.5
1468311,9.757288473883158,-1.263157894736842
1468312,10.8056206628077,2.9444444444444446
146832,18.93269578525387,8.916666666666666
146833,8.691362663370834,-0.16129032258064516
146834,5.353552681704876,-2.65
146835,13.099618315050252,2.0
146836,14.315855648326542,2.909090909090909
146837,16.87132296121257,3.8076923076923075
146838,11.605675318771548,0.34782608695652173
146839,8.304633117539343,0.32142857142857145
146851,5.853773711604051,-3.3333333333333335
1468510,7.845608416724061,1.875
1468511,5.251983752196244,-2.25
1468512,11.590046016589696,-4.0625
146852,16.231949681914077,3.142857142857143
146853,4.980732105593745,-4.846153846153846
146854,19.49814806020761,3.8
146855,15.223884742951341,3.8333333333333335
146856,25.954019170662395,4.888888888888889
146857,18.781469318016352,2.923076923076923
146858,7.334848328356899,-3.75
146859,3.4364987719368982,-2.857142857142857
146891,3.5355339059327378,-6.5
1468910,18.022208521710095,0.0
1468911,4.919349550499537,-2.8
1468912,24.130893062628246,-0.6
146892,4.949747468305833,1.5
146893,10.583005244258363,0.0
146894,3.5355339059327378,-5.5
146895,4.725815626252609,-7.333333333333333
146896,1.5275252316519465,-7.666666666666667
146897,16.802777548171413,1.6666666666666667
146898,29.715315916207253,15.0
146899,9.57601169589929,-6.8
146961,8.018728078691781,0.4
1469610,,-2.0
1469611,9.814954576223638,4.666666666666667
1469612,13.435028842544403,2.5
146962,32.046840717924134,11.0
146963,20.808652046684813,2.0
146964,4.722287581247038,-4.4
146965,5.08592829940284,-2.3333333333333335
146966,16.680470474123183,0.2857142857142857
146967,4.856267428111155,-1.25
146968,7.234178138070234,-8.666666666666666
146969,0.0,-5.0
146981,10.606601717798213,2.5
1469810,18.939376969689366,5.2
1469811,11.313708498984761,1.0
1469812,,0.0
146982,,3.0
146983,16.78987790307005,1.5
146984,17.566201313073595,1.2857142857142858
146985,,-3.0
146986,2.3094010767585034,-8.666666666666666
146987,,-8.0
146988,,31.0
1470410,,11.0
1470412,,4.0
147042,,-3.0
147043,,35.0
147044,,-5.0
147045,2.8284271247461903,-11.0
147047,,13.0
147048,,-11.0
147049,,-4.0
147091,20.506096654409877,-4.5
1470910,,-20.0
1470911,12.020815280171307,-8.5
1470912,,-9.0
147092,12.020815280171307,-7.5
147111,5.94418483337567,-8.0
1471110,4.0,-5.0
1471111,2.8284271247461903,-12.0
1471112,2.8284271247461903,-12.0
147112,,-9.0
147113,5.5677643628300215,-6.0
147114,,-8.0
147115,4.242640687119285,-6.0
147116,,-11.0
147117,9.899494936611665,4.0
147118,,0.0
147119,,29.0
147161,,1.0
1471611,,41.0
1471612,4.242640687119285,2.0
147162,,3.0
147168,37.476659402887016,10.5
147301,9.50146187582615,-2.4444444444444446
1473010,4.129164564412515,-4.375
1473011,12.383819053869221,2.230769230769231
1473012,7.453426824526516,-3.125
147302,5.958187643906492,0.0
147303,10.698964260960496,0.3684210526315789
147304,8.819743691733835,-4.166666666666667
147305,10.977249200050075,-3.0
147306,8.139689518313672,1.3636363636363635
147307,15.109126853849439,2.4285714285714284
147308,10.018938111352965,-3.0714285714285716
147309,5.218744496298612,-5.117647058823529
147471,12.640346139068498,1.3571428571428572
1474710,12.475849187817149,1.0909090909090908
1474711,10.728175520562662,0.53125
1474712,12.104077095297562,2.3707865168539324
147472,9.926328729602453,-0.9841269841269841
147473,6.7356475092169905,-2.0657894736842106
147474,9.515574816936004,-0.6407766990291263
147475,10.711699447356855,1.37
147476,9.393361018378805,1.2988505747126438
147477,13.518716453427459,1.6442307692307692
147478,13.140166284144925,3.8454545454545452
147479,12.670089857578029,1.6603773584905661
147611,12.737271891503894,3.2857142857142856
1476110,8.988882021697693,-5.0
1476111,1.4142135623730951,-1.0
1476112,4.272001872658765,-5.25
147612,17.25060385416503,3.25
147613,5.852349955359813,0.25
147614,10.222524150130436,2.0
147615,10.66302021005306,-0.8
147616,4.7871355387816905,-0.25
147617,3.5118845842842465,-3.6666666666666665
147618,4.024922359499621,-5.2
147619,11.313708498984761,19.0
147711,11.537833332237767,0.15555555555555556
1477110,9.407786901763053,-0.8928571428571429
1477111,11.13054106451903,0.8589743589743589
1477112,12.406164613325116,1.4487179487179487
147712,16.674983800464773,3.25
147713,12.012700308469178,1.5694444444444444
147714,11.750017929701837,0.4
147715,11.183345961328223,0.7058823529411765
147716,11.82041975702738,2.07
147717,10.654321462501992,0.4823529411764706
147718,12.108616313425571,2.305263157894737
147719,12.543788105935944,1.7121212121212122
147831,0.7071067811865476,-5.5
1478310,3.600925806881706,-6.166666666666667
1478311,7.852812659593164,-3.5
1478312,14.706655441864214,3.4285714285714284
147832,4.4131837120372035,-4.857142857142857
147833,6.284902544988268,-3.5
147834,1.707825127659933,-3.25
147835,4.425306015783918,-2.75
147836,12.010412149464313,1.0
147837,5.019406782125198,-2.2222222222222223
147838,15.909466085042299,5.111111111111111
147839,2.9495762407505253,-6.2
1479410,3.5355339059327378,-3.5
1479412,5.656854249492381,-7.0
147943,,-6.0
147944,6.110100926607786,-7.333333333333333
147945,,-6.0
147946,13.892443989449804,6.0
147947,,-3.0
147948,,-4.0
148024,,-1.0
148029,,-10.0
148141,10.781929326423912,1.25
1481410,0.0,-3.0
1481411,12.727922061357855,1.0
1481412,7.7781745930520225,20.5
148142,24.05341278626937,9.166666666666666
148143,1.2909944487358056,-8.5
148145,27.577164466275352,19.5
148146,3.605551275463989,-2.0
148147,4.949747468305833,8.5
148148,23.40512764331782,12.4
148149,3.9370039370059056,-6.0
1482812,,-20.0
148282,,19.0
148283,9.899494936611665,-14.0
148285,8.48528137423857,-7.0
148286,,-10.0
148311,8.927182157925767,-3.1379310344827585
1483110,11.070880450054274,-0.7575757575757576
1483111,7.61389988583193,-1.027027027027027
1483112,9.23688669182294,0.5151515151515151
148312,12.414489124804334,-0.4666666666666667
148313,11.481959093089673,1.3461538461538463
148314,10.72129742556352,-1.3714285714285714
148315,12.481700891419292,-0.5833333333333334
148316,10.907149448453941,1.1818181818181819
148317,8.5406590578747,-0.5
148318,7.693030888569972,-2.2325581395348837
148319,7.471864067467108,-2.590909090909091
148421,,-21.0
1484211,1.4142135623730951,-8.0
1484212,10.606601717798213,-11.5
148422,,-11.0
148423,,-5.0
148424,,16.0
148425,,-9.0
148428,7.7781745930520225,-0.5
148429,,-9.0
148431,15.446682491719702,-2.0
1484310,9.106486950254933,-0.8888888888888888
1484311,14.909249286456857,10.571428571428571
1484312,13.68369795572782,5.923076923076923
148432,15.90447675820808,-0.42857142857142855
148433,12.30545579912595,2.8333333333333335
148434,6.8452277432633934,-1.0
148435,5.429366627703638,-3.357142857142857
148436,12.562153171637906,-0.8461538461538461
148437,15.864005379054392,4.666666666666667
148438,9.847555989907292,2.8461538461538463
148439,11.255950807081051,-0.875
148691,8.098446865230349,-0.057692307692307696
1486910,11.289453693863239,-0.29411764705882354
1486911,6.960374164557413,-3.25
1486912,7.1743778903266255,-1.3333333333333333
148692,9.418475358350506,0.3404255319148936
148693,7.225003349526794,-0.05454545454545454
148694,11.382580430416555,-0.27450980392156865
148695,13.149454684820908,2.121212121212121
148696,10.633108381572063,0.8382352941176471
148697,10.180541947432582,-0.7555555555555555
148698,10.437969521390096,-0.06521739130434782
148699,10.787622862222422,-0.8070175438596491
1487710,,-14.0
148776,,-9.0
148778,3.5355339059327378,-16.5
148931,13.3175625121254,1.7666666666666666
1489310,9.073123639664852,-0.46875
1489311,11.291589790636216,2.0
1489312,7.341986237031632,2.142857142857143
148932,13.64062559660174,4.733333333333333
148933,11.558258230950429,0.52
148934,12.095578956917702,2.0
148935,13.233417296123225,1.04
148936,11.91082506055682,2.2916666666666665
148937,13.06559135360336,4.75
148938,12.02631523221124,-0.03225806451612903
148939,12.81055599213345,-0.4
149081,11.360235255264085,2.857142857142857
1490810,12.178556621345171,0.6
1490811,10.963386034128932,0.0625
1490812,14.72761343200579,3.9545454545454546
149082,7.63316130545867,1.9166666666666667
149083,9.85952052219256,2.4166666666666665
149084,9.67035622268819,-1.4
149085,7.106893590587698,-3.7142857142857144
149086,12.353119731451125,1.1363636363636365
149087,7.187769585939255,-2.869565217391304
149088,12.848733287369111,-1.1428571428571428
149089,8.21359591742477,-2.1
149521,,16.0
1495210,,-11.0
1495211,,-6.0
1495212,20.506096654409877,0.5
149523,,-4.0
149524,1.4142135623730951,-7.0
149525,,-5.0
149527,,-13.0
149528,3.5355339059327378,-3.5
149553,,-10.0
149554,,-5.0
149555,,0.0
149557,,-1.0
149601,,-6.0
1496010,,-5.0
1496011,,-6.0
149602,,25.0
149603,0.0,-1.0
149605,2.1213203435596424,-6.5
149606,,-6.0
149607,1.4142135623730951,-6.0
149608,,-6.0
149609,7.0710678118654755,4.0
149861,,-12.0
1498610,0.4999999999999999,-6.25
1498611,,2.0
1498612,,-7.0
149862,,-4.0
149863,7.274384280931732,4.25
149864,,-3.0
149865,2.1213203435596424,-4.5
149866,2.3166067138525404,-5.166666666666667
149868,29.670411748631555,16.333333333333332
149869,1.5275252316519468,-3.3333333333333335
150084,,-3.0
150161,11.481213087834142,-0.8055555555555556
1501610,9.046031606770333,1.1428571428571428
1501611,14.053173817759442,3.7209302325581395
1501612,13.408872042881367,3.2580645161290325
150162,14.794801581844679,5.615384615384615
150163,14.566657131957214,3.0
150164,15.23094935261155,2.1333333333333333
150165,15.347262346700846,4.538461538461538
150166,15.828358910917071,8.413793103448276
150167,10.073720202074178,0.4375
150168,10.589506684537403,2.3846153846153846
150169,9.834322739432316,-0.7941176470588235
150231,,-10.0
1502310,4.949747468305833,5.5
1502312,,-3.0
150232,16.263455967290593,21.5
150233,11.05667219374799,1.75
150234,,-10.0
150235,26.851443164195103,9.0
150236,2.1213203435596424,-5.5
150237,,19.0
150238,9.899494936611665,-3.0
150239,7.632168761236874,-6.75
150241,,-10.0
1502411,6.8068592855540455,-9.333333333333334
1502412,13.81725973797506,1.75
150242,4.242640687119285,-6.0
150243,9.899494936611665,-1.0
150245,,-4.0
150248,19.79898987322333,2.0
150249,,0.0
1502712,0.7071067811865476,-8.5
150272,4.242640687119285,-5.0
150278,,-10.0
150411,,-6.0
1504110,,-6.0
1504112,,-15.0
150412,,-7.0
150413,3.5355339059327378,-11.5
150415,,-4.0
150416,0.7071067811865476,-8.5
150419,,-10.0
150481,,0.0
1504810,,-4.0
1504812,5.656854249492381,-7.0
150485,,-1.0
150701,4.645786621588784,-8.75
1507010,,-11.0
150705,,18.0
150706,7.637626158259733,-6.666666666666667
150707,2.8284271247461903,-5.0
150708,,8.0
150709,0.7071067811865476,-3.5
1507411,,-13.0
150747,,-7.0
150748,0.7071067811865476,-6.5
150749,,-5.0
150961,5.365231988061121,-3.25
1509610,4.979959839195493,-7.0
1509611,4.454131308603925,-4.125
1509612,13.966207253758803,2.857142857142857
150962,5.77547059606926,-5.583333333333333
150963,4.387482193696061,-6.333333333333333
150964,17.25991778383553,4.285714285714286
150965,7.023117244085836,-5.642857142857143
150966,6.5560767885331295,-2.875
150967,3.011090610836324,-7.333333333333333
150968,3.039423504234847,-6.285714285714286
150969,10.111874208078342,-1.3333333333333333
152491,15.738487856207788,3.2
1524910,8.144527815247077,0.3333333333333333
1524911,3.5355339059327378,0.5
1524912,,24.0
152492,5.0579969684978385,-6.75
152493,17.05872210923198,3.0
152494,4.180453381654971,-7.857142857142857
152495,,-10.0
152496,2.0,-5.0
152497,10.408329997330664,-9.333333333333334
152498,5.560275772537425,-6.25
152499,5.490251100164467,-2.857142857142857
152951,,-1.0
1529510,,5.0
1529512,,24.0
152952,7.7781745930520225,-8.5
152956,,12.0
152957,9.899494936611665,5.0
152958,5.656854249492381,0.0
152959,7.0710678118654755,-12.0
153041,11.545161597072648,3.057142857142857
1530410,11.651352311864368,-1.0588235294117647
1530411,13.02337910687332,0.5428571428571428
1530412,14.170476895960036,2.6739130434782608
153042,18.408201844864973,6.90625
153043,16.779519206710376,4.357142857142857
153044,11.263447439702924,2.3333333333333335
153045,10.773582308479186,1.4848484848484849
153046,9.90835196167815,1.6666666666666667
153047,14.38645091639943,3.5945945945945947
153048,13.033585806460133,5.35
153049,8.763072740213182,-0.7647058823529411
153231,1.4142135623730951,-1.0
1532310,0.0,0.0
1532311,7.7781745930520225,-8.5
1532312,2.516611478423583,-3.6666666666666665
153233,,-10.0
153234,4.242640687119285,-7.0
153235,3.214550253664318,-5.666666666666667
153236,1.4142135623730951,-4.0
153237,2.1213203435596424,-7.5
153238,2.581988897471611,-10.0
153239,19.157244060668017,6.0
1535610,4.949747468305833,-0.5
1535611,7.932002689527197,-0.75
1535612,,0.0
153562,18.734993995195193,4.0
153565,2.8284271247461903,-3.0
153568,,18.0
153569,,-11.0
153701,2.878491668515698,-3.4285714285714284
1537010,16.088483014699854,2.375
1537011,3.872983346207417,-4.5
1537012,5.7397251192408545,-4.222222222222222
153702,3.9440531887330774,-2.0
153703,13.035454611292884,-2.6153846153846154
153704,2.3452078799117144,-4.666666666666667
153705,13.120322295692938,5.142857142857143
153706,17.369513522260778,6.2
153707,7.2571803523590805,-2.0
153708,10.36018017861337,-3.0
153709,12.777110215324335,-1.3636363636363635
153761,13.974182544169722,5.444444444444445
1537610,8.173709305420875,-1.3333333333333333
1537611,7.791733511299723,-4.4
1537612,7.720269691051221,-1.5384615384615385
153762,6.372684764768387,0.1111111111111111
153763,12.373909501998,1.25
153764,10.605479266689954,0.8571428571428571
153765,12.935577554429749,-0.4375
153766,16.97749375254331,1.8823529411764706
153767,4.020779360604939,-2.1666666666666665
153768,13.090593430537684,0.5
153769,5.387743291748205,-3.5555555555555554
1538010,,-1.0
1538011,8.48528137423857,-15.0
1538012,0.0,-10.0
153802,,-4.0
153803,7.7781745930520225,-6.5
153804,4.9916597106239795,-10.25
153805,4.159326868617084,-5.6
153806,,-3.0
153807,4.163331998932265,-5.666666666666667
153808,3.5355339059327378,-8.5
153809,,-4.0
1538910,,-7.0
1538911,,-13.0
153892,11.313708498984761,39.0
153893,0.7071067811865476,-10.5
153894,,-6.0
1540111,2.1213203435596424,-11.5
1540112,,-3.0
154014,,-6.0
154018,,22.0
154111,,-8.0
1541110,,60.0
1541111,,-15.0
154112,2.1213203435596424,-8.5
154113,,4.0
154114,,-5.0
154115,,-8.0
154118,,-7.0
154121,5.244044240850758,-5.666666666666667
1541210,16.30203699714886,2.6153846153846154
1541211,7.577478592393502,-3.727272727272727
1541212,3.5449494589721118,-7.833333333333333
154122,6.928203230275509,1.0
154123,9.206881484339128,-1.9
154124,8.383657572069263,-9.428571428571429
154125,19.244834017565243,6.181818181818182
154126,16.937700974031696,0.8
154127,15.554563460426797,-3.7777777777777777
154128,8.181958472422385,-2.2222222222222223
154129,8.497058314499201,-0.2
1545410,,-4.0
154545,,-2.0
154546,,-15.0
154547,,-16.0
155827,3.5355339059327378,-0.5
156071,,-16.0
1560710,,0.0
1560712,5.656854249492381,-6.0
156073,,5.0
156078,,-5.0
156241,2.6457513110645907,-4.0
1562410,9.604066599003529,-7.285714285714286
1562411,6.6583281184793925,-4.333333333333333
1562412,21.88606862823929,4.0
156242,2.8284271247461903,-10.0
156243,5.737304826019502,-0.25
156244,,-3.0
156246,16.97056274847714,3.0
156247,7.241853660800143,-0.7777777777777778
156248,16.660832312142553,-5.25
156249,4.58257569495584,-5.0
158412,,-21.0
158416,6.363961030678928,-9.5
158977,,-3.0
158978,,1.0
159191,9.069178573608527,2.75
1591910,21.520339216657344,5.375
1591911,7.047458170621992,-4.5
1591912,12.365466505747444,0.2857142857142857
159192,8.57126983980009,-3.3333333333333335
159193,22.611943746613203,1.6
159194,12.4077548715463,0.42857142857142855
159195,19.8158185969358,4.666666666666667
159196,3.361547262794322,-5.6
159197,3.0550504633038935,-7.666666666666667
159198,10.385620400876931,-5.111111111111111
159199,5.686240703077327,-10.333333333333334
1599111,,-13.0
159914,,10.0
161015,,-10.0
161016,,-1.0
161019,,-5.0
162181,,0.0
1621810,,-4.0
1621811,,-7.0
1621812,1.4142135623730951,-2.0
162182,3.5355339059327378,-4.5
162183,0.7071067811865476,-11.5
162185,,-9.0
162187,,9.0
162189,4.358898943540674,-10.0
1686910,,-1.0
